Age,Tm,Opp,...4,FG,FGA,FG%,3P,3PA,3P%,TRB,BLK,PTS
18,2003-2010 CLE,SAC,L (-14),12,20,0.6,0,2,0,6,0,25
18,2003-2010 CLE,PHO,L (-9),8,17,0.471,1,5,0.2,12,0,21
18,2003-2010 CLE,POR,L (-19),3,12,0.25,0,1,0,4,0,8
18,2003-2010 CLE,DEN,L (-4),3,11,0.273,0,2,0,11,3,7
18,2003-2010 CLE,IND,L (-1),8,18,0.444,1,2,0.5,5,0,23
18,2003-2010 CLE,MIA,L (-5),6,15,0.4,2,5,0.4,3,1,18
18,2003-2010 CLE,BOS,L (-9),3,12,0.25,2,4,0.5,5,0,10
18,2003-2010 CLE,PHI,W (+3),10,19,0.526,0,1,0,5,2,22
18,2003-2010 CLE,LAC,W (+8),6,16,0.375,0,2,0,7,1,14
18,2003-2010 CLE,WAS,L (-11),10,18,0.556,2,4,0.5,7,1,28
18,2003-2010 CLE,MIN,L (-14),8,19,0.421,0,2,0,9,0,19
18,2003-2010 CLE,ATL,L (-9),3,16,0.188,0,1,0,6,1,15
18,2003-2010 CLE,NOH,L (-10),5,17,0.294,1,4,0.25,8,0,15
18,2003-2010 CLE,DET,L (-4),2,8,0.25,0,2,0,2,0,6
18,2003-2010 CLE,MEM,L (-7),14,28,0.5,3,6,0.5,16,1,33
18,2003-2010 CLE,DEN,L (-12),6,19,0.316,2,3,0.667,6,0,19
18,2003-2010 CLE,DET,W (+9),8,21,0.381,1,3,0.333,3,1,23
18,2003-2010 CLE,BOS,L (-7),10,20,0.5,1,5,0.2,3,0,37
18,2003-2010 CLE,IND,L (-10),10,16,0.625,0,3,0,4,3,27
18,2003-2010 CLE,HOU,L (-4),7,19,0.368,2,4,0.5,1,0,17
18,2003-2010 CLE,PHI,W (+7),14,24,0.583,5,7,0.714,4,0,36
18,2003-2010 CLE,CHI,W (+8),11,22,0.5,0,5,0,6,2,32
18,2003-2010 CLE,NOH,W (+11),7,22,0.318,1,6,0.167,6,1,22
18,2003-2010 CLE,ORL,L (-12),13,28,0.464,4,10,0.4,2,1,34
18,2003-2010 CLE,CHI,L (-7),7,24,0.292,1,4,0.25,3,2,18
18,2003-2010 CLE,POR,W (+12),15,23,0.652,0,2,0,10,0,32
19,2003-2010 CLE,IND,L (-3),9,20,0.45,0,4,0,10,0,22
19,2003-2010 CLE,NJN,L (-15),6,19,0.316,0,4,0,4,0,14
19,2003-2010 CLE,NYK,W (+11),6,17,0.353,0,2,0,4,1,14
19,2003-2010 CLE,TOR,L (-6),10,23,0.435,0,3,0,2,0,21
19,2003-2010 CLE,BOS,L (-25),7,19,0.368,0,3,0,3,0,19
19,2003-2010 CLE,LAL,L (-10),6,20,0.3,0,3,0,5,1,16
19,2003-2010 CLE,SEA,W (+8),11,26,0.423,0,1,0,9,0,27
19,2003-2010 CLE,GSW,L (-17),8,21,0.381,2,5,0.4,6,0,29
19,2003-2010 CLE,UTA,W (+6),12,28,0.429,2,4,0.5,7,1,29
19,2003-2010 CLE,ORL,W (+1),7,19,0.368,1,2,0.5,5,2,16
19,2003-2010 CLE,MIA,W (+1),10,25,0.4,0,1,0,5,1,27
19,2003-2010 CLE,MIL,L (-6),7,25,0.28,1,6,0.167,8,0,20
19,2003-2010 CLE,WAS,W (+4),14,27,0.519,1,2,0.5,6,2,38
19,2003-2010 CLE,DET,W (+3),5,19,0.263,0,1,0,4,0,12
19,2003-2010 CLE,LAL,L (-5),12,26,0.462,4,4,1,4,0,32
19,2003-2010 CLE,MIN,L (-11),6,18,0.333,1,3,0.333,9,0,14
19,2003-2010 CLE,BOS,W (+8),9,25,0.36,1,6,0.167,6,1,24
19,2003-2010 CLE,NJN,L (-20),2,13,0.154,0,1,0,2,0,9
19,2003-2010 CLE,NOH,W (+4),7,16,0.438,1,5,0.2,4,5,21
19,2003-2010 CLE,HOU,L (-6),5,18,0.278,0,2,0,7,1,11
19,2003-2010 CLE,ORL,W (+5),11,19,0.579,1,1,1,11,1,30
19,2003-2010 CLE,CHI,L (-11),7,17,0.412,0,2,0,3,1,18
19,2003-2010 CLE,ATL,W (+32),9,17,0.529,1,2,0.5,7,1,24
19,2003-2010 CLE,NOH,W (+3),7,17,0.412,2,2,1,6,0,19
19,2003-2010 CLE,MIL,W (+9),11,24,0.458,0,3,0,7,1,24
19,2003-2010 CLE,ATL,W (+6),11,23,0.478,1,4,0.25,6,0,34
19,2003-2010 CLE,IND,W (+3),12,22,0.545,0,2,0,3,1,26
19,2003-2010 CLE,CHI,W (+24),5,16,0.313,2,3,0.667,5,5,17
19,2003-2010 CLE,UTA,L (-9),4,14,0.286,0,2,0,0,1,14
19,2003-2010 CLE,DET,L (-20),5,17,0.294,1,4,0.25,7,2,15
19,2003-2010 CLE,PHO,L (-17),8,21,0.381,2,5,0.4,2,1,25
19,2003-2010 CLE,PHI,L (-15),5,13,0.385,1,2,0.5,3,1,16
19,2003-2010 CLE,NJN,W (+3),15,29,0.517,1,2,0.5,6,0,41
19,2003-2010 CLE,DAL,L (-17),13,22,0.591,0,2,0,5,0,28
19,2003-2010 CLE,GSW,L (-3),12,28,0.429,3,5,0.6,8,1,34
19,2003-2010 CLE,MIA,L (-15),6,14,0.429,1,1,1,7,0,24
19,2003-2010 CLE,MIA,W (+11),4,11,0.364,0,2,0,3,0,10
19,2003-2010 CLE,MIL,W (+4),9,20,0.45,1,4,0.25,7,0,27
19,2003-2010 CLE,NYK,W (+10),8,17,0.471,0,3,0,1,0,17
19,2003-2010 CLE,IND,L (-5),8,19,0.421,2,5,0.4,5,3,28
19,2003-2010 CLE,MIA,L (-6),9,22,0.409,2,3,0.667,6,0,21
19,2003-2010 CLE,MIL,L (-14),8,20,0.4,0,3,0,8,0,31
19,2003-2010 CLE,ATL,W (+14),8,17,0.471,1,4,0.25,10,2,25
19,2003-2010 CLE,PHO,W (+5),13,24,0.542,1,2,0.5,10,3,38
19,2003-2010 CLE,WAS,W (+31),10,20,0.5,0,3,0,9,2,24
19,2003-2010 CLE,GSW,W (+11),12,22,0.545,3,5,0.6,12,1,33
19,2003-2010 CLE,CHA,W (+17),8,14,0.571,2,3,0.667,6,0,19
19,2003-2010 CLE,CHA,W (+16),11,20,0.55,0,2,0,8,1,25
19,2003-2010 CLE,NYK,L (-10),5,15,0.333,1,3,0.333,9,1,13
19,2003-2010 CLE,DET,W (+16),15,22,0.682,2,3,0.667,6,1,43
19,2003-2010 CLE,BOS,W (+2),9,13,0.692,0,2,0,6,1,20
19,2003-2010 CLE,CHI,W (+22),11,17,0.647,1,2,0.5,7,0,26
19,2003-2010 CLE,LAC,L (-12),9,19,0.474,0,2,0,7,1,22
19,2003-2010 CLE,PHO,L (-19),6,19,0.316,0,2,0,3,1,15
19,2003-2010 CLE,TOR,W (+8),10,17,0.588,1,3,0.333,6,1,27
19,2003-2010 CLE,NJN,W (+6),11,22,0.5,0,1,0,2,0,27
19,2003-2010 CLE,CHI,L (-28),5,15,0.333,0,2,0,2,1,19
19,2003-2010 CLE,SAS,L (-19),10,19,0.526,1,3,0.333,6,0,23
19,2003-2010 CLE,MEM,W (+6),14,22,0.636,1,3,0.333,5,0,31
19,2003-2010 CLE,POR,W (+24),10,18,0.556,2,3,0.667,11,2,25
19,2003-2010 CLE,DET,L (-12),4,21,0.19,0,2,0,9,1,11
19,2003-2010 CLE,BOS,L (-7),12,25,0.48,3,5,0.6,5,1,31
19,2003-2010 CLE,MIN,W (+10),10,18,0.556,0,1,0,6,0,26
19,2003-2010 CLE,NJN,L (-2),7,18,0.389,1,1,1,9,0,23
19,2003-2010 CLE,NOH,W (+9),7,16,0.438,0,1,0,9,1,22
19,2003-2010 CLE,ATL,W (+9),13,25,0.52,3,5,0.6,9,0,40
19,2003-2010 CLE,HOU,L (-11),0,5,0,0,1,0,3,0,3
20,2003-2010 CLE,CHA,W (+11),11,19,0.579,0,3,0,8,0,26
20,2003-2010 CLE,ATL,W (+16),7,14,0.5,2,5,0.4,6,1,20
20,2003-2010 CLE,CHA,W (+2),11,24,0.458,2,5,0.4,8,1,29
20,2003-2010 CLE,LAL,L (-4),12,26,0.462,1,4,0.25,13,1,28
20,2003-2010 CLE,UTA,W (+13),9,20,0.45,0,1,0,8,0,27
20,2003-2010 CLE,SEA,L (-8),14,30,0.467,3,7,0.429,5,1,35
20,2003-2010 CLE,POR,W (+6),11,16,0.688,1,1,1,11,0,27
20,2003-2010 CLE,SAC,L (-27),9,19,0.474,0,1,0,8,0,18
20,2003-2010 CLE,GSW,W (+18),13,24,0.542,0,1,0,12,1,28
20,2003-2010 CLE,WAS,L (-9),12,26,0.462,1,1,1,10,1,31
20,2003-2010 CLE,MEM,W (+3),10,16,0.625,4,6,0.667,9,2,27
20,2003-2010 CLE,ORL,L (-3),10,20,0.5,0,3,0,5,1,28
20,2003-2010 CLE,MIA,L (-12),11,23,0.478,1,3,0.333,2,0,31
20,2003-2010 CLE,ORL,W (+9),9,21,0.429,0,3,0,6,0,30
20,2003-2010 CLE,TOR,W (+13),6,14,0.429,0,3,0,8,0,15
20,2003-2010 CLE,DEN,L (-5),12,29,0.414,1,6,0.167,6,0,35
20,2003-2010 CLE,ATL,W (+22),11,20,0.55,2,2,1,5,0,28
20,2003-2010 CLE,MIN,L (-6),10,19,0.526,1,2,0.5,7,0,26
20,2003-2010 CLE,CHI,W (+9),8,17,0.471,1,1,1,6,0,27
20,2003-2010 CLE,IND,L (-24),9,25,0.36,0,1,0,7,1,21
20,2003-2010 CLE,NJN,L (-6),9,20,0.45,1,2,0.5,4,0,28
20,2003-2010 CLE,SAS,L (-2),6,22,0.273,1,4,0.25,8,0,20
20,2003-2010 CLE,SEA,L (-17),11,20,0.55,5,7,0.714,5,0,32
20,2003-2010 CLE,PHI,L (-9),12,21,0.571,0,1,0,7,0,34
20,2003-2010 CLE,MIA,L (-20),9,19,0.474,0,1,0,4,0,23
20,2003-2010 CLE,ORL,W (+19),9,22,0.409,2,6,0.333,7,1,23
20,2003-2010 CLE,IND,W (+12),12,23,0.522,1,5,0.2,5,0,35
20,2003-2010 CLE,UTA,W (+19),11,15,0.733,2,5,0.4,9,1,36
20,2003-2010 CLE,MIL,L (-8),13,26,0.5,4,9,0.444,7,0,34
20,2003-2010 CLE,PHI,L (-12),3,20,0.15,0,4,0,8,0,16
20,2003-2010 CLE,TOR,L (-7),18,36,0.5,6,12,0.5,10,0,56
20,2003-2010 CLE,DET,W (+15),11,24,0.458,2,7,0.286,6,0,29
20,2003-2010 CLE,HOU,L (-19),7,22,0.318,1,4,0.25,4,0,19
20,2003-2010 CLE,DAL,L (-31),7,17,0.412,0,2,0,4,0,19
20,2003-2010 CLE,NOH,W (+1),16,29,0.552,3,10,0.3,6,0,44
20,2003-2010 CLE,LAC,W (+10),7,20,0.35,2,8,0.25,7,1,22
20,2003-2010 CLE,CHI,L (-12),10,28,0.357,1,4,0.25,6,2,26
20,2003-2010 CLE,SAC,L (-19),13,21,0.619,2,4,0.5,8,0,35
20,2003-2010 CLE,DAL,W (+20),10,23,0.435,4,8,0.5,10,1,37
20,2003-2010 CLE,NJN,L (-31),9,19,0.474,3,6,0.5,9,2,24
20,2003-2010 CLE,IND,L (-21),9,18,0.5,0,3,0,4,0,20
20,2003-2010 CLE,PHI,L (-5),12,30,0.4,2,6,0.333,13,0,37
20,2003-2010 CLE,MIL,W (+17),15,26,0.577,7,13,0.538,10,1,40
20,2003-2010 CLE,ORL,W (+8),12,23,0.522,1,6,0.167,7,1,33
20,2003-2010 CLE,NYK,L (-6),7,25,0.28,4,13,0.308,18,2,27
20,2003-2010 CLE,WAS,L (-8),16,33,0.485,1,6,0.167,6,0,38
20,2003-2010 CLE,DET,L (-3),12,35,0.343,2,7,0.286,11,1,37
20,2003-2010 CLE,BOS,W (+14),13,27,0.481,2,3,0.667,8,0,32
20,2003-2010 CLE,TOR,W (+9),10,23,0.435,2,8,0.25,14,1,27
21,2003-2010 CLE,WAS,W (+11),12,27,0.444,1,4,0.25,11,0,32
21,2003-2010 CLE,WAS,L (-5),7,25,0.28,1,6,0.167,9,3,26
21,2003-2010 CLE,WAS,W (+1),16,28,0.571,3,5,0.6,5,0,41
21,2003-2010 CLE,WAS,L (-10),13,23,0.565,7,12,0.583,6,0,38
21,2003-2010 CLE,WAS,W (+1),14,23,0.609,0,1,0,7,0,45
21,2003-2010 CLE,WAS,W (+1),15,25,0.6,1,6,0.167,7,1,32
21,2003-2010 CLE,DET,L (-27),9,18,0.5,2,5,0.4,4,0,22
21,2003-2010 CLE,DET,L (-6),11,23,0.478,2,5,0.4,14,0,30
21,2003-2010 CLE,DET,W (+9),9,18,0.5,1,4,0.25,10,1,21
21,2003-2010 CLE,DET,W (+2),8,23,0.348,1,2,0.5,8,2,22
21,2003-2010 CLE,DET,W (+2),13,30,0.433,1,4,0.25,5,1,32
21,2003-2010 CLE,DET,L (-2),8,20,0.4,1,5,0.2,11,1,32
21,2003-2010 CLE,DET,L (-18),11,24,0.458,0,4,0,8,0,27
20,2003-2010 CLE,NOK,W (+22),9,16,0.563,6,7,0.857,3,0,31
20,2003-2010 CLE,SAS,L (-26),7,16,0.438,0,3,0,6,1,20
20,2003-2010 CLE,MEM,L (-7),14,29,0.483,4,9,0.444,2,0,36
20,2003-2010 CLE,TOR,W (+12),9,17,0.529,0,2,0,3,2,27
20,2003-2010 CLE,SEA,W (+27),10,18,0.556,0,2,0,5,1,31
20,2003-2010 CLE,MEM,W (+19),5,11,0.455,0,1,0,6,1,16
20,2003-2010 CLE,ORL,W (+8),9,20,0.45,1,4,0.25,5,1,26
20,2003-2010 CLE,WAS,W (+15),15,23,0.652,2,3,0.667,10,2,37
20,2003-2010 CLE,ORL,W (+18),6,17,0.353,0,3,0,6,0,16
20,2003-2010 CLE,PHI,W (+3),14,24,0.583,0,2,0,11,1,36
20,2003-2010 CLE,BOS,W (+22),13,20,0.65,1,3,0.333,5,2,36
20,2003-2010 CLE,IND,L (-22),6,20,0.3,0,4,0,10,1,19
20,2003-2010 CLE,MIN,L (-4),13,29,0.448,6,11,0.545,5,0,38
20,2003-2010 CLE,LAC,W (+7),7,20,0.35,0,3,0,7,1,28
20,2003-2010 CLE,SEA,L (-7),14,27,0.519,0,5,0,3,3,34
20,2003-2010 CLE,LAC,L (-12),8,25,0.32,3,5,0.6,5,1,30
20,2003-2010 CLE,SAC,W (+5),10,23,0.435,1,5,0.2,6,3,30
20,2003-2010 CLE,NJN,L (-9),11,26,0.423,0,4,0,6,1,32
20,2003-2010 CLE,MIL,L (-5),19,29,0.655,5,9,0.556,7,0,52
20,2003-2010 CLE,ATL,L (-6),13,23,0.565,3,6,0.5,10,0,39
20,2003-2010 CLE,DEN,W (+9),11,18,0.611,1,4,0.25,4,0,26
20,2003-2010 CLE,MIA,W (+8),12,19,0.632,2,4,0.5,5,0,41
20,2003-2010 CLE,UTA,W (+25),8,12,0.667,1,1,1,6,2,25
20,2003-2010 CLE,CHI,W (+8),12,25,0.48,4,6,0.667,5,0,37
20,2003-2010 CLE,IND,W (+5),4,16,0.25,0,1,0,8,0,14
20,2003-2010 CLE,CHI,W (+11),12,25,0.48,0,5,0,8,2,32
20,2003-2010 CLE,NJN,L (-5),12,21,0.571,1,5,0.2,10,0,31
21,2003-2010 CLE,DET,W (+13),11,22,0.5,2,5,0.4,7,1,30
21,2003-2010 CLE,MIL,W (+7),12,29,0.414,2,8,0.25,11,1,32
21,2003-2010 CLE,HOU,L (-9),13,19,0.684,3,7,0.429,9,0,32
21,2003-2010 CLE,MIL,W (+8),14,22,0.636,3,7,0.429,7,1,35
21,2003-2010 CLE,NYK,L (-8),14,31,0.452,0,7,0,7,1,36
21,2003-2010 CLE,LAL,L (-1),11,22,0.5,2,3,0.667,2,0,28
21,2003-2010 CLE,PHO,L (-9),18,28,0.643,5,8,0.625,7,0,46
21,2003-2010 CLE,POR,L (-2),10,26,0.385,1,5,0.2,13,3,29
21,2003-2010 CLE,DEN,L (-1),7,20,0.35,2,6,0.333,11,0,24
21,2003-2010 CLE,GSW,L (-20),5,22,0.227,0,3,0,9,0,14
21,2003-2010 CLE,UTA,W (+18),19,35,0.543,4,8,0.5,5,0,51
21,2003-2010 CLE,IND,W (+30),7,21,0.333,2,5,0.4,7,2,23
21,2003-2010 CLE,ATL,W (+9),11,22,0.5,1,5,0.2,9,1,38
21,2003-2010 CLE,IND,W (+4),12,23,0.522,1,2,0.5,7,1,30
21,2003-2010 CLE,PHO,W (+7),17,33,0.515,3,7,0.429,11,1,44
21,2003-2010 CLE,CHA,W (+12),11,19,0.579,2,6,0.333,6,1,30
21,2003-2010 CLE,NJN,W (+6),8,21,0.381,0,2,0,11,1,26
21,2003-2010 CLE,MIA,L (-28),12,29,0.414,2,5,0.4,5,0,29
21,2003-2010 CLE,PHI,L (-5),10,17,0.588,2,7,0.286,4,1,31
21,2003-2010 CLE,MIL,W (+3),9,20,0.45,2,7,0.286,9,2,22
21,2003-2010 CLE,MIN,W (+6),11,34,0.324,1,5,0.2,11,0,35
21,2003-2010 CLE,WAS,L (-12),6,23,0.261,0,3,0,9,0,18
21,2003-2010 CLE,GSW,L (-8),10,17,0.588,5,6,0.833,5,2,33
21,2003-2010 CLE,SAS,W (+14),19,33,0.576,1,3,0.333,3,0,44
21,2003-2010 CLE,BOS,W (+4),16,32,0.5,0,5,0,12,4,43
21,2003-2010 CLE,ORL,W (+13),10,24,0.417,1,5,0.2,2,2,26
21,2003-2010 CLE,PHI,L (-9),13,24,0.542,1,4,0.25,6,1,33
21,2003-2010 CLE,WAS,L (-8),7,21,0.333,3,8,0.375,7,0,25
21,2003-2010 CLE,DET,L (-12),9,20,0.45,2,3,0.667,9,0,22
21,2003-2010 CLE,DET,L (-12),9,22,0.409,0,3,0,4,1,26
21,2003-2010 CLE,SAC,L (-7),7,21,0.333,1,4,0.25,7,2,19
21,2003-2010 CLE,CHI,W (+1),11,27,0.407,0,3,0,11,1,33
21,2003-2010 CLE,CHI,W (+19),15,28,0.536,1,3,0.333,9,0,37
21,2003-2010 CLE,TOR,W (+7),5,17,0.294,2,6,0.333,12,0,17
21,2003-2010 CLE,TOR,W (+1),13,24,0.542,1,3,0.333,6,0,35
21,2003-2010 CLE,ORL,L (-29),9,22,0.409,2,6,0.333,7,1,25
21,2003-2010 CLE,MIA,L (-6),11,27,0.407,1,6,0.167,7,1,47
21,2003-2010 CLE,DAL,L (-4),14,27,0.519,0,2,0,12,2,36
21,2003-2010 CLE,POR,W (+15),9,23,0.391,1,6,0.167,9,0,27
21,2003-2010 CLE,LAL,W (+1),10,24,0.417,3,4,0.75,8,0,29
21,2003-2010 CLE,CHA,W (+2),10,21,0.476,1,5,0.2,11,1,37
21,2003-2010 CLE,BOS,W (+12),13,26,0.5,4,8,0.5,7,3,36
21,2003-2010 CLE,HOU,W (+2),14,34,0.412,0,4,0,6,0,36
21,2003-2010 CLE,DAL,W (+13),16,23,0.696,4,7,0.571,5,0,46
21,2003-2010 CLE,MIA,W (+7),16,25,0.64,2,6,0.333,12,0,47
21,2003-2010 CLE,CHA,W (+4),13,24,0.542,2,5,0.4,12,2,35
21,2003-2010 CLE,PHI,W (+33),13,22,0.591,4,10,0.4,4,0,37
21,2003-2010 CLE,NYK,L (-2),12,24,0.5,4,7,0.571,2,0,36
21,2003-2010 CLE,NJN,W (+6),12,26,0.462,0,3,0,5,0,37
21,2003-2010 CLE,NOK,W (+2),12,24,0.5,0,3,0,4,0,32
21,2003-2010 CLE,DET,L (-23),8,18,0.444,0,3,0,3,0,22
22,2003-2010 CLE,WAS,W (+15),7,14,0.5,0,2,0,9,0,23
22,2003-2010 CLE,WAS,W (+7),8,22,0.364,0,3,0,8,2,27
22,2003-2010 CLE,WAS,W (+6),11,22,0.5,3,5,0.6,6,0,30
22,2003-2010 CLE,WAS,W (+7),8,22,0.364,1,5,0.2,11,1,31
22,2003-2010 CLE,NJN,W (+4),8,21,0.381,1,4,0.25,11,1,21
22,2003-2010 CLE,NJN,W (+10),12,24,0.5,3,7,0.429,1,0,36
22,2003-2010 CLE,NJN,L (-11),5,16,0.313,1,5,0.2,6,0,18
22,2003-2010 CLE,NJN,W (+2),9,16,0.563,2,3,0.667,9,0,30
22,2003-2010 CLE,NJN,L (-11),5,14,0.357,0,2,0,9,1,20
22,2003-2010 CLE,NJN,W (+16),8,20,0.4,1,5,0.2,8,0,23
22,2003-2010 CLE,DET,L (-3),7,19,0.368,0,1,0,6,0,19
22,2003-2010 CLE,DET,W (+6),12,21,0.571,2,3,0.667,9,0,32
22,2003-2010 CLE,DET,W (+4),8,19,0.421,1,5,0.2,7,0,25
22,2003-2010 CLE,DET,W (+2),18,33,0.545,2,3,0.667,9,0,48
22,2003-2010 CLE,DET,W (+16),3,11,0.273,0,2,0,14,2,20
22,2003-2010 CLE,SAS,L (-9),4,16,0.25,2,6,0.333,7,1,14
22,2003-2010 CLE,SAS,L (-11),9,21,0.429,0,2,0,7,0,25
22,2003-2010 CLE,SAS,L (-3),9,23,0.391,0,5,0,8,1,25
22,2003-2010 CLE,SAS,L (-1),10,30,0.333,2,7,0.286,6,0,24
21,2003-2010 CLE,WAS,W (+3),11,24,0.458,2,4,0.5,10,2,26
21,2003-2010 CLE,SAS,W (+7),14,26,0.538,1,2,0.5,10,1,35
21,2003-2010 CLE,CHA,L (-4),3,13,0.231,1,3,0.333,9,1,16
21,2003-2010 CLE,ATL,L (-9),13,26,0.5,3,8,0.375,7,1,34
21,2003-2010 CLE,CHI,W (+19),6,13,0.462,0,1,0,4,2,19
21,2003-2010 CLE,BOS,W (+1),9,17,0.529,1,4,0.25,8,0,38
21,2003-2010 CLE,NYK,W (+6),10,19,0.526,3,4,0.75,4,1,29
21,2003-2010 CLE,POR,W (+13),10,15,0.667,3,6,0.5,7,1,32
21,2003-2010 CLE,MIN,W (+16),12,24,0.5,2,5,0.4,9,2,37
21,2003-2010 CLE,WAS,L (-12),8,20,0.4,0,1,0,5,0,20
21,2003-2010 CLE,MEM,W (+3),7,21,0.333,1,5,0.2,1,1,15
21,2003-2010 CLE,TOR,L (-8),11,24,0.458,2,7,0.286,10,0,30
21,2003-2010 CLE,IND,L (-10),6,14,0.429,2,2,1,7,0,30
21,2003-2010 CLE,PHI,W (+13),10,20,0.5,1,4,0.25,4,1,25
21,2003-2010 CLE,NYK,L (-3),10,22,0.455,0,5,0,7,1,27
21,2003-2010 CLE,ATL,W (+11),12,23,0.522,1,3,0.333,7,2,31
21,2003-2010 CLE,HOU,L (-18),7,22,0.318,2,6,0.333,5,0,21
21,2003-2010 CLE,TOR,W (+4),11,18,0.611,1,2,0.5,6,0,26
21,2003-2010 CLE,IND,W (+32),11,16,0.688,1,3,0.333,7,1,27
21,2003-2010 CLE,NOK,L (-6),7,18,0.389,0,3,0,7,0,15
21,2003-2010 CLE,CHA,W (+3),6,17,0.353,0,2,0,8,1,22
21,2003-2010 CLE,SEA,W (+22),9,14,0.643,2,3,0.667,9,0,22
21,2003-2010 CLE,ORL,L (-7),10,19,0.526,2,5,0.4,5,1,29
21,2003-2010 CLE,NJN,L (-2),10,22,0.455,1,3,0.333,1,1,37
21,2003-2010 CLE,DET,L (-16),9,20,0.45,0,1,0,10,0,26
21,2003-2010 CLE,ORL,W (+3),13,21,0.619,2,3,0.667,7,0,32
21,2003-2010 CLE,ATL,W (+13),10,25,0.4,1,2,0.5,9,2,27
21,2003-2010 CLE,MIL,W (+10),11,21,0.524,2,6,0.333,4,1,32
22,2003-2010 CLE,CHI,L (-7),15,26,0.577,3,4,0.75,9,0,33
22,2003-2010 CLE,SAS,W (+4),7,17,0.412,0,1,0,5,0,19
22,2003-2010 CLE,BOS,W (+3),11,20,0.55,2,3,0.667,6,1,32
22,2003-2010 CLE,MIL,W (+9),3,13,0.231,0,4,0,5,0,8
22,2003-2010 CLE,SAC,W (+10),14,26,0.538,3,7,0.429,4,1,34
22,2003-2010 CLE,PHO,L (-19),15,28,0.536,3,9,0.333,6,0,34
22,2003-2010 CLE,LAC,W (+12),10,23,0.435,0,1,0,6,0,28
22,2003-2010 CLE,SEA,L (-5),8,21,0.381,1,7,0.143,7,1,30
22,2003-2010 CLE,POR,L (-18),8,21,0.381,1,4,0.25,6,0,23
22,2003-2010 CLE,DEN,L (-11),9,23,0.391,0,1,0,10,0,30
22,2003-2010 CLE,GSW,W (+2),14,22,0.636,2,7,0.286,7,0,32
22,2003-2010 CLE,ORL,L (-11),6,15,0.4,0,3,0,4,0,18
22,2003-2010 CLE,PHI,L (-3),14,26,0.538,3,8,0.375,10,0,39
22,2003-2010 CLE,PHO,L (-15),12,22,0.545,3,6,0.5,9,0,30
22,2003-2010 CLE,MIA,L (-3),6,18,0.333,2,7,0.286,6,0,17
22,2003-2010 CLE,CHA,W (+20),7,13,0.538,0,1,0,10,0,18
22,2003-2010 CLE,DET,L (-12),9,22,0.409,1,4,0.25,5,0,21
22,2003-2010 CLE,LAC,W (+17),4,13,0.308,1,2,0.5,7,1,11
22,2003-2010 CLE,MIA,W (+24),12,22,0.545,1,4,0.25,7,0,29
22,2003-2010 CLE,LAL,W (+9),5,16,0.313,0,2,0,8,1,18
22,2003-2010 CLE,UTA,L (-1),9,25,0.36,0,3,0,10,3,23
22,2003-2010 CLE,LAL,W (+6),10,16,0.625,0,1,0,4,0,38
22,2003-2010 CLE,TOR,W (+1),12,25,0.48,0,1,0,4,1,29
22,2003-2010 CLE,CHI,L (-6),13,28,0.464,1,4,0.25,7,0,29
22,2003-2010 CLE,MIA,L (-5),10,22,0.455,2,5,0.4,3,1,29
22,2003-2010 CLE,NOK,W (+8),14,22,0.636,3,4,0.75,5,1,35
22,2003-2010 CLE,DAL,L (-3),17,27,0.63,1,4,0.25,3,0,39
22,2003-2010 CLE,TOR,W (+23),10,20,0.5,1,3,0.333,5,3,36
22,2003-2010 CLE,HOU,W (+6),12,24,0.5,3,6,0.5,12,0,32
22,2003-2010 CLE,DET,W (+4),17,31,0.548,1,3,0.333,7,1,41
22,2003-2010 CLE,MIL,W (+2),12,22,0.545,4,6,0.667,8,1,32
22,2003-2010 CLE,IND,W (+11),10,22,0.455,2,6,0.333,7,1,26
22,2003-2010 CLE,MEM,W (+22),11,17,0.647,4,7,0.571,6,0,29
22,2003-2010 CLE,UTA,W (+9),8,21,0.381,0,6,0,17,2,24
22,2003-2010 CLE,CHA,L (-8),12,31,0.387,2,9,0.222,6,3,37
22,2003-2010 CLE,DAL,L (-8),12,28,0.429,1,6,0.167,6,3,31
22,2003-2010 CLE,NYK,W (+22),8,16,0.5,0,1,0,3,0,21
22,2003-2010 CLE,DEN,L (-12),8,19,0.421,1,6,0.167,3,0,18
22,2003-2010 CLE,IND,W (+11),8,18,0.444,0,3,0,7,0,26
22,2003-2010 CLE,NYK,L (-4),6,20,0.3,2,5,0.4,6,0,24
22,2003-2010 CLE,CHI,W (+4),14,25,0.56,0,3,0,5,0,39
22,2003-2010 CLE,MIN,W (+13),13,24,0.542,0,2,0,12,1,31
22,2003-2010 CLE,MIA,L (-4),11,21,0.524,2,5,0.4,9,0,35
22,2003-2010 CLE,WAS,W (+5),7,23,0.304,0,3,0,6,1,25
22,2003-2010 CLE,DET,L (-5),5,16,0.313,1,4,0.25,5,0,20
22,2003-2010 CLE,NJN,W (+18),15,27,0.556,0,1,0,8,1,35
22,2003-2010 CLE,ATL,W (+34),8,16,0.5,3,6,0.5,5,1,23
22,2003-2010 CLE,PHI,W (+6),7,15,0.467,0,2,0,5,0,18
22,2003-2010 CLE,MIL,W (+13),9,18,0.5,1,4,0.25,5,0,24
23,2003-2010 CLE,WAS,W (+7),12,19,0.632,0,2,0,6,2,32
23,2003-2010 CLE,WAS,W (+30),9,19,0.474,2,6,0.333,9,2,30
23,2003-2010 CLE,WAS,L (-36),10,19,0.526,0,4,0,7,1,22
23,2003-2010 CLE,WAS,W (+3),11,25,0.44,3,8,0.375,12,0,34
23,2003-2010 CLE,WAS,L (-1),8,21,0.381,3,9,0.333,10,2,34
23,2003-2010 CLE,WAS,W (+17),8,17,0.471,1,2,0.5,13,1,27
23,2003-2010 CLE,BOS,L (-4),2,18,0.111,0,6,0,9,1,12
23,2003-2010 CLE,BOS,L (-16),6,24,0.25,0,4,0,5,1,21
23,2003-2010 CLE,BOS,W (+24),5,16,0.313,3,5,0.6,5,3,21
23,2003-2010 CLE,BOS,W (+11),7,20,0.35,2,5,0.4,6,2,21
23,2003-2010 CLE,BOS,L (-7),12,25,0.48,0,5,0,3,1,35
23,2003-2010 CLE,BOS,W (+5),9,23,0.391,1,3,0.333,12,1,32
23,2003-2010 CLE,BOS,L (-5),14,29,0.483,3,11,0.273,5,0,45
22,2003-2010 CLE,DAL,L (-18),2,11,0.182,0,2,0,5,0,10
22,2003-2010 CLE,NYK,W (+4),13,28,0.464,3,5,0.6,7,1,45
22,2003-2010 CLE,PHO,L (-11),11,26,0.423,3,5,0.6,5,4,27
22,2003-2010 CLE,GSW,W (+4),9,16,0.563,1,2,0.5,13,3,24
22,2003-2010 CLE,UTA,L (-2),12,27,0.444,1,4,0.25,15,2,32
22,2003-2010 CLE,SAC,W (+2),10,19,0.526,0,2,0,4,1,26
22,2003-2010 CLE,LAC,W (+8),9,21,0.429,0,2,0,5,1,22
22,2003-2010 CLE,DEN,L (-22),9,16,0.563,1,3,0.333,1,0,27
22,2003-2010 CLE,ORL,L (-1),15,27,0.556,2,4,0.5,13,2,39
22,2003-2010 CLE,UTA,W (+5),13,27,0.481,1,3,0.333,10,3,40
22,2003-2010 CLE,MIL,L (-4),11,22,0.5,1,7,0.143,7,1,34
22,2003-2010 CLE,MIN,W (+11),17,26,0.654,6,10,0.6,8,2,45
22,2003-2010 CLE,TOR,W (+3),14,29,0.483,2,8,0.25,12,1,37
22,2003-2010 CLE,IND,W (+5),10,21,0.476,1,6,0.167,11,1,30
22,2003-2010 CLE,BOS,W (+5),11,25,0.44,2,8,0.25,4,2,38
22,2003-2010 CLE,DET,L (-35),5,11,0.455,0,2,0,1,0,15
22,2003-2010 CLE,IND,W (+13),5,9,0.556,0,1,0,3,1,17
22,2003-2010 CLE,NJN,L (-8),12,25,0.48,3,9,0.333,6,0,29
22,2003-2010 CLE,PHI,L (-6),10,18,0.556,0,1,0,6,1,21
22,2003-2010 CLE,MIL,W (+5),10,25,0.4,0,5,0,8,0,31
22,2003-2010 CLE,NYK,L (-18),12,21,0.571,3,6,0.5,8,0,32
22,2003-2010 CLE,LAL,W (+4),12,29,0.414,0,3,0,10,1,33
22,2003-2010 CLE,GSW,L (-9),8,20,0.4,0,2,0,5,1,25
22,2003-2010 CLE,MIA,W (+14),9,19,0.474,0,3,0,6,1,25
22,2003-2010 CLE,DAL,W (+7),9,21,0.429,1,4,0.25,8,0,24
22,2003-2010 CLE,NOH,L (-10),8,21,0.381,1,4,0.25,5,0,21
23,2003-2010 CLE,ATL,W (+4),13,22,0.591,1,3,0.333,5,1,36
23,2003-2010 CLE,SAC,W (+4),7,18,0.389,1,6,0.167,8,1,24
23,2003-2010 CLE,TOR,W (+3),14,29,0.483,4,8,0.5,11,0,39
23,2003-2010 CLE,SEA,W (+16),8,18,0.444,0,3,0,8,0,22
23,2003-2010 CLE,ATL,L (-9),13,22,0.591,0,4,0,10,1,31
23,2003-2010 CLE,CHA,W (+7),10,20,0.5,2,7,0.286,19,3,31
23,2003-2010 CLE,MEM,W (+8),18,28,0.643,6,12,0.5,8,1,51
23,2003-2010 CLE,SAS,W (+2),9,24,0.375,1,5,0.2,9,2,27
23,2003-2010 CLE,MIA,W (+7),11,26,0.423,1,4,0.25,3,1,28
23,2003-2010 CLE,WAS,W (+36),7,13,0.538,1,3,0.333,8,1,23
23,2003-2010 CLE,PHO,L (-2),14,30,0.467,0,1,0,7,0,36
23,2003-2010 CLE,LAL,W (+3),16,32,0.5,1,5,0.2,9,0,41
23,2003-2010 CLE,POR,W (+1),13,29,0.448,3,6,0.5,14,2,37
23,2003-2010 CLE,LAC,W (+14),8,19,0.421,1,4,0.25,11,1,28
23,2003-2010 CLE,BOS,W (+1),11,21,0.524,4,8,0.5,9,2,33
23,2003-2010 CLE,HOU,L (-15),12,23,0.522,2,5,0.4,7,2,32
23,2003-2010 CLE,ATL,W (+5),11,24,0.458,0,3,0,11,1,26
23,2003-2010 CLE,DEN,L (-30),11,23,0.478,2,5,0.4,5,0,30
23,2003-2010 CLE,ORL,W (+7),8,15,0.533,1,2,0.5,7,1,29
23,2003-2010 CLE,SAS,L (-7),17,31,0.548,1,5,0.2,6,1,39
23,2003-2010 CLE,HOU,L (-8),7,18,0.389,4,7,0.571,13,0,26
23,2003-2010 CLE,IND,W (+9),11,22,0.5,1,5,0.2,14,1,31
23,2003-2010 CLE,WAS,W (+1),11,20,0.55,2,6,0.333,15,1,33
23,2003-2010 CLE,MEM,W (+20),10,17,0.588,1,4,0.25,7,1,25
23,2003-2010 CLE,MIL,L (-3),16,24,0.667,1,3,0.333,4,1,35
23,2003-2010 CLE,BOS,L (-5),7,24,0.292,1,6,0.167,8,0,26
23,2003-2010 CLE,MIN,W (+8),11,22,0.5,1,4,0.25,8,0,30
23,2003-2010 CLE,CHI,W (+9),15,29,0.517,0,5,0,6,0,37
23,2003-2010 CLE,NYK,W (+14),16,30,0.533,7,13,0.538,8,0,50
23,2003-2010 CLE,CHI,L (-11),13,27,0.481,2,8,0.25,3,3,39
23,2003-2010 CLE,IND,W (+8),11,24,0.458,5,8,0.625,11,2,38
23,2003-2010 CLE,POR,W (+8),7,18,0.389,1,4,0.25,10,2,24
23,2003-2010 CLE,NJN,L (-5),12,23,0.522,2,7,0.286,11,2,42
23,2003-2010 CLE,WAS,L (-2),9,22,0.409,1,7,0.143,7,0,25
23,2003-2010 CLE,CHA,W (+7),11,24,0.458,1,3,0.333,7,2,33
23,2003-2010 CLE,ORL,L (-14),11,22,0.5,1,4,0.25,9,1,30
23,2003-2010 CLE,DET,W (+16),11,19,0.579,2,5,0.4,7,1,30
23,2003-2010 CLE,MIL,L (-10),9,25,0.36,3,9,0.333,11,0,29
23,2003-2010 CLE,NOH,L (-1),6,14,0.429,1,2,0.5,3,2,21
23,2003-2010 CLE,DET,L (-14),4,17,0.235,1,5,0.2,4,0,13
23,2003-2010 CLE,PHI,W (+3),11,18,0.611,1,2,0.5,9,1,26
23,2003-2010 CLE,CHA,W (+4),11,19,0.579,1,4,0.25,4,2,29
23,2003-2010 CLE,CHI,L (-3),10,24,0.417,3,7,0.429,5,2,33
23,2003-2010 CLE,ORL,L (-15),6,22,0.273,1,5,0.2,7,2,17
23,2003-2010 CLE,NJN,W (+21),11,21,0.524,1,4,0.25,7,2,33
23,2003-2010 CLE,CHI,L (-5),13,21,0.619,2,6,0.333,6,0,34
23,2003-2010 CLE,MIA,W (+8),3,9,0.333,0,1,0,11,2,13
23,2003-2010 CLE,PHI,W (+1),10,18,0.556,1,2,0.5,4,1,27
24,2003-2010 CLE,DET,W (+18),13,20,0.65,1,4,0.25,8,0,38
24,2003-2010 CLE,DET,W (+12),7,14,0.5,2,5,0.4,13,0,29
24,2003-2010 CLE,DET,W (+11),9,19,0.474,0,5,0,11,2,25
24,2003-2010 CLE,DET,W (+21),10,24,0.417,0,3,0,13,1,36
24,2003-2010 CLE,ATL,W (+27),12,20,0.6,2,6,0.333,10,0,34
24,2003-2010 CLE,ATL,W (+20),9,14,0.643,3,5,0.6,3,1,27
24,2003-2010 CLE,ATL,W (+15),15,25,0.6,5,10,0.5,12,1,47
24,2003-2010 CLE,ATL,W (+10),9,22,0.409,3,6,0.5,8,0,27
24,2003-2010 CLE,ORL,L (-1),20,30,0.667,3,6,0.5,6,3,49
24,2003-2010 CLE,ORL,W (+1),12,23,0.522,1,3,0.333,4,0,35
24,2003-2010 CLE,ORL,L (-10),11,28,0.393,1,8,0.125,7,1,41
24,2003-2010 CLE,ORL,L (-2),13,29,0.448,4,10,0.4,12,1,44
24,2003-2010 CLE,ORL,W (+10),11,24,0.458,0,2,0,14,1,37
24,2003-2010 CLE,ORL,L (-13),8,20,0.4,2,8,0.25,7,1,25
23,2003-2010 CLE,BOS,L (-5),9,21,0.429,0,4,0,7,1,22
23,2003-2010 CLE,CHA,W (+17),7,15,0.467,0,2,0,9,1,22
23,2003-2010 CLE,NOH,L (-12),6,15,0.4,0,3,0,7,0,15
23,2003-2010 CLE,DAL,W (+19),8,20,0.4,0,2,0,8,1,29
23,2003-2010 CLE,CHI,W (+14),13,23,0.565,0,2,0,9,0,41
23,2003-2010 CLE,IND,W (+4),11,24,0.458,1,6,0.167,9,4,27
23,2003-2010 CLE,CHI,W (+9),13,29,0.448,4,7,0.571,13,0,41
23,2003-2010 CLE,MIL,W (+6),16,24,0.667,1,4,0.25,5,0,41
23,2003-2010 CLE,UTA,W (+12),13,21,0.619,3,7,0.429,5,2,38
23,2003-2010 CLE,NJN,W (+24),9,20,0.45,1,4,0.25,8,1,31
23,2003-2010 CLE,DET,L (-7),8,21,0.381,0,4,0,6,0,25
23,2003-2010 CLE,ATL,W (+14),8,19,0.421,1,4,0.25,7,0,24
23,2003-2010 CLE,NYK,W (+18),7,14,0.5,3,7,0.429,4,1,26
23,2003-2010 CLE,GSW,W (+15),9,13,0.692,3,4,0.75,7,1,23
23,2003-2010 CLE,MIL,W (+12),12,27,0.444,1,5,0.2,7,1,32
23,2003-2010 CLE,NYK,W (+36),5,10,0.5,1,4,0.25,5,1,21
23,2003-2010 CLE,IND,W (+24),4,12,0.333,0,4,0,8,3,11
23,2003-2010 CLE,CHA,W (+20),8,17,0.471,2,4,0.5,5,2,25
23,2003-2010 CLE,TOR,W (+20),11,18,0.611,2,5,0.4,5,0,31
23,2003-2010 CLE,PHI,W (+8),10,22,0.455,2,6,0.333,4,2,29
23,2003-2010 CLE,PHI,W (+16),9,21,0.429,1,4,0.25,7,3,28
23,2003-2010 CLE,ATL,L (-5),10,19,0.526,2,7,0.286,6,1,33
23,2003-2010 CLE,MIN,W (+23),14,20,0.7,2,6,0.333,6,2,32
23,2003-2010 CLE,DEN,W (+17),13,20,0.65,0,2,0,10,0,33
23,2003-2010 CLE,OKC,W (+11),14,24,0.583,2,4,0.5,4,1,31
23,2003-2010 CLE,HOU,W (+9),11,23,0.478,0,3,0,9,1,27
23,2003-2010 CLE,WAS,W (+4),6,13,0.462,0,2,0,5,1,18
23,2003-2010 CLE,MIA,W (+7),12,19,0.632,2,4,0.5,6,1,33
24,2003-2010 CLE,MIA,L (-9),12,24,0.5,3,8,0.375,2,2,38
24,2003-2010 CLE,CHI,W (+25),3,8,0.375,2,3,0.667,10,3,16
24,2003-2010 CLE,WAS,L (-3),11,22,0.5,3,9,0.333,6,2,30
24,2003-2010 CLE,CHA,W (+30),9,16,0.563,0,1,0,4,2,21
24,2003-2010 CLE,BOS,W (+15),13,25,0.52,3,7,0.429,7,3,38
24,2003-2010 CLE,MEM,W (+15),9,15,0.6,1,5,0.2,11,1,30
24,2003-2010 CLE,CHI,L (-9),8,28,0.286,1,6,0.167,14,1,28
24,2003-2010 CLE,NOH,W (+14),12,24,0.5,0,2,0,14,1,29
24,2003-2010 CLE,LAL,L (-17),9,25,0.36,1,5,0.2,9,1,23
24,2003-2010 CLE,POR,W (+6),14,30,0.467,3,6,0.5,7,0,34
24,2003-2010 CLE,GSW,W (+1),10,24,0.417,2,5,0.4,9,2,32
24,2003-2010 CLE,UTA,W (+5),14,27,0.519,1,6,0.167,14,0,33
24,2003-2010 CLE,SAC,W (+7),5,10,0.5,0,2,0,15,3,23
24,2003-2010 CLE,ORL,L (-11),10,27,0.37,0,2,0,8,1,23
24,2003-2010 CLE,LAC,W (+17),9,17,0.529,2,4,0.5,7,1,25
24,2003-2010 CLE,DET,W (+10),12,25,0.48,3,8,0.375,4,1,33
24,2003-2010 CLE,TOR,W (+18),9,20,0.45,2,5,0.4,7,2,33
24,2003-2010 CLE,NYK,W (+5),17,33,0.515,2,7,0.286,9,2,52
24,2003-2010 CLE,LAL,L (-10),5,20,0.25,2,8,0.25,8,0,16
24,2003-2010 CLE,IND,L (-1),15,21,0.714,4,7,0.571,7,1,47
24,2003-2010 CLE,PHO,W (+17),9,18,0.5,1,5,0.2,6,1,26
24,2003-2010 CLE,TOR,W (+17),9,17,0.529,0,3,0,9,1,20
24,2003-2010 CLE,MIL,W (+8),16,29,0.552,8,11,0.727,5,0,55
24,2003-2010 CLE,DET,W (+21),6,13,0.462,0,3,0,5,1,20
24,2003-2010 CLE,MEM,W (+15),4,10,0.4,1,2,0.5,5,1,15
24,2003-2010 CLE,HOU,L (-19),7,21,0.333,2,5,0.4,1,2,21
24,2003-2010 CLE,SAS,W (+11),12,23,0.522,3,6,0.5,14,0,30
24,2003-2010 CLE,ATL,W (+1),8,20,0.4,2,7,0.286,6,2,26
24,2003-2010 CLE,MIA,W (+7),13,21,0.619,6,7,0.857,8,1,42
24,2003-2010 CLE,MIL,W (+18),7,11,0.636,4,5,0.8,8,0,23
24,2003-2010 CLE,BOS,L (-11),5,15,0.333,2,5,0.4,6,0,21
24,2003-2010 CLE,MIA,W (+10),5,15,0.333,0,3,0,10,1,14
24,2003-2010 CLE,LAC,W (+4),10,23,0.435,0,6,0,13,2,32
24,2003-2010 CLE,PHO,W (+8),10,24,0.417,3,8,0.375,10,3,34
24,2003-2010 CLE,SAC,W (+3),16,30,0.533,4,11,0.364,4,3,51
24,2003-2010 CLE,NYK,W (+5),9,17,0.529,0,3,0,8,3,19
24,2003-2010 CLE,ORL,W (+4),15,27,0.556,4,7,0.571,12,1,43
24,2003-2010 CLE,POR,W (+5),10,22,0.455,0,3,0,11,2,26
24,2003-2010 CLE,ATL,W (+6),9,21,0.429,1,4,0.25,7,1,22
24,2003-2010 CLE,NJN,W (+8),9,17,0.529,1,4,0.25,11,0,30
24,2003-2010 CLE,NJN,W (+11),7,14,0.5,1,1,1,8,0,22
24,2003-2010 CLE,MIN,W (+22),8,14,0.571,2,3,0.667,12,0,25
24,2003-2010 CLE,DAL,W (+28),9,22,0.409,2,4,0.5,6,2,24
24,2003-2010 CLE,DET,W (+6),9,24,0.375,0,2,0,12,1,25
24,2003-2010 CLE,WAS,L (-8),11,18,0.611,4,8,0.5,9,0,31
24,2003-2010 CLE,ORL,L (-29),7,20,0.35,2,5,0.4,9,0,26
24,2003-2010 CLE,SAS,W (+20),14,21,0.667,2,5,0.4,7,0,38
24,2003-2010 CLE,WAS,W (+12),7,15,0.467,0,2,0,6,0,21
24,2003-2010 CLE,PHI,W (+10),8,17,0.471,1,4,0.25,2,1,27
24,2003-2010 CLE,BOS,W (+31),9,14,0.643,5,8,0.625,4,1,29
24,2003-2010 CLE,IND,W (+8),12,23,0.522,2,7,0.286,5,0,37
25,2003-2010 CLE,CHI,W (+13),9,19,0.474,0,1,0,6,4,24
25,2003-2010 CLE,CHI,W (+10),16,23,0.696,2,4,0.5,8,2,40
25,2003-2010 CLE,CHI,L (-2),14,26,0.538,4,8,0.5,10,3,39
25,2003-2010 CLE,CHI,W (+23),11,17,0.647,6,9,0.667,12,1,37
25,2003-2010 CLE,CHI,W (+2),5,12,0.417,1,2,0.5,10,2,19
25,2003-2010 CLE,BOS,W (+8),12,24,0.5,3,6,0.5,7,2,35
25,2003-2010 CLE,BOS,L (-18),7,15,0.467,0,4,0,7,2,24
25,2003-2010 CLE,BOS,W (+29),14,22,0.636,2,3,0.667,8,2,38
25,2003-2010 CLE,BOS,L (-10),7,18,0.389,0,5,0,9,1,22
25,2003-2010 CLE,BOS,L (-32),3,14,0.214,0,4,0,6,0,15
25,2003-2010 CLE,BOS,L (-9),8,21,0.381,2,4,0.5,19,1,27
24,2003-2010 CLE,BOS,L (-6),12,22,0.545,4,9,0.444,4,4,38
24,2003-2010 CLE,TOR,L (-10),7,19,0.368,1,5,0.2,11,0,23
24,2003-2010 CLE,MIN,W (+17),10,18,0.556,2,3,0.667,9,1,24
24,2003-2010 CLE,CHA,W (+11),5,11,0.455,0,1,0,7,0,14
24,2003-2010 CLE,WAS,W (+12),7,16,0.438,2,7,0.286,8,0,27
24,2003-2010 CLE,CHI,L (-1),9,17,0.529,1,4,0.25,7,1,25
24,2003-2010 CLE,NYK,W (+9),12,17,0.706,2,4,0.5,8,0,33
24,2003-2010 CLE,ORL,W (+9),13,23,0.565,2,3,0.667,8,0,36
24,2003-2010 CLE,MIA,W (+7),8,20,0.4,2,4,0.5,4,1,34
24,2003-2010 CLE,UTA,W (+4),6,15,0.4,0,3,0,6,1,21
24,2003-2010 CLE,GSW,W (+6),11,19,0.579,1,5,0.2,5,2,31
24,2003-2010 CLE,WAS,L (-17),12,20,0.6,3,7,0.429,2,0,34
24,2003-2010 CLE,IND,W (+10),13,25,0.52,1,3,0.333,9,1,40
24,2003-2010 CLE,PHI,W (+6),13,20,0.65,2,4,0.5,7,0,32
24,2003-2010 CLE,DET,W (+10),12,24,0.5,1,4,0.25,8,0,34
24,2003-2010 CLE,CHA,L (-7),10,19,0.526,2,7,0.286,6,0,25
24,2003-2010 CLE,DAL,W (+16),10,20,0.5,0,2,0,5,0,25
24,2003-2010 CLE,CHI,W (+14),8,17,0.471,1,3,0.333,6,0,23
24,2003-2010 CLE,MEM,L (-2),14,29,0.483,4,11,0.364,13,1,43
24,2003-2010 CLE,HOU,L (-10),8,21,0.381,2,4,0.5,6,1,27
24,2003-2010 CLE,POR,W (+5),14,24,0.583,1,2,0.5,7,2,33
24,2003-2010 CLE,OKC,W (+13),16,29,0.552,5,8,0.625,7,1,44
24,2003-2010 CLE,NJN,W (+10),9,19,0.474,1,5,0.2,6,0,23
24,2003-2010 CLE,PHI,W (+7),12,26,0.462,3,6,0.5,6,1,36
24,2003-2010 CLE,MIL,W (+3),6,13,0.462,2,4,0.5,10,3,26
24,2003-2010 CLE,DAL,L (-7),9,23,0.391,2,6,0.333,3,2,25
24,2003-2010 CLE,PHO,W (+18),11,21,0.524,1,3,0.333,6,0,29
24,2003-2010 CLE,SAC,W (+13),14,30,0.467,1,4,0.25,16,0,34
24,2003-2010 CLE,LAL,W (+15),9,19,0.474,2,7,0.286,4,1,26
24,2003-2010 CLE,HOU,W (+25),12,20,0.6,2,5,0.4,5,1,29
24,2003-2010 CLE,ATL,W (+11),6,20,0.3,0,5,0,8,1,14
25,2003-2010 CLE,ATL,W (+5),15,23,0.652,4,6,0.667,10,2,48
25,2003-2010 CLE,NJN,W (+8),7,16,0.438,1,4,0.25,9,2,28
25,2003-2010 CLE,CHA,L (-3),13,21,0.619,2,6,0.333,7,1,29
25,2003-2010 CLE,WAS,W (+23),7,12,0.583,1,4,0.25,7,2,23
25,2003-2010 CLE,DEN,L (-2),12,28,0.429,2,8,0.25,6,0,35
25,2003-2010 CLE,POR,W (+12),13,19,0.684,3,4,0.75,10,1,41
25,2003-2010 CLE,GSW,W (+3),12,23,0.522,1,4,0.25,8,4,37
25,2003-2010 CLE,UTA,L (-1),12,20,0.6,4,6,0.667,9,1,36
25,2003-2010 CLE,LAC,W (+1),12,20,0.6,3,6,0.5,4,1,32
25,2003-2010 CLE,TOR,W (+8),8,18,0.444,0,7,0,9,3,28
25,2003-2010 CLE,LAL,W (+6),13,25,0.52,1,9,0.111,5,1,37
25,2003-2010 CLE,OKC,W (+1),9,19,0.474,6,10,0.6,9,1,37
25,2003-2010 CLE,MIA,W (+1),9,23,0.391,2,9,0.222,9,0,32
25,2003-2010 CLE,MIN,W (+14),3,8,0.375,1,3,0.333,6,1,12
25,2003-2010 CLE,IND,W (+21),6,18,0.333,0,4,0,9,4,22
25,2003-2010 CLE,LAC,W (+25),10,20,0.5,5,6,0.833,3,0,32
25,2003-2010 CLE,MEM,W (+16),7,14,0.5,1,4,0.25,6,1,22
25,2003-2010 CLE,MIA,W (+16),9,16,0.563,1,4,0.25,7,0,36
25,2003-2010 CLE,NYK,W (+7),17,31,0.548,6,12,0.5,8,0,47
25,2003-2010 CLE,NJN,W (+7),13,21,0.619,1,4,0.25,3,0,32
25,2003-2010 CLE,ORL,W (+9),10,21,0.476,2,6,0.333,8,0,32
25,2003-2010 CLE,DEN,L (-2),15,33,0.455,1,9,0.111,13,4,43
25,2003-2010 CLE,CHA,L (-17),6,14,0.429,2,6,0.333,3,0,22
25,2003-2010 CLE,ORL,L (-6),12,25,0.48,1,6,0.167,9,1,33
25,2003-2010 CLE,NOH,W (+10),7,16,0.438,2,6,0.333,5,0,20
25,2003-2010 CLE,BOS,W (+20),11,23,0.478,3,6,0.5,7,0,36
25,2003-2010 CLE,TOR,W (+8),10,17,0.588,1,4,0.25,6,0,36
25,2003-2010 CLE,NYK,W (+31),9,17,0.529,1,4,0.25,7,2,22
25,2003-2010 CLE,NJN,W (+19),10,18,0.556,0,4,0,7,1,26
25,2003-2010 CLE,DET,W (+7),16,27,0.593,3,7,0.429,13,2,40
25,2003-2010 CLE,PHI,W (+5),7,18,0.389,3,10,0.3,6,3,23
25,2003-2010 CLE,BOS,W (+11),9,21,0.429,1,3,0.333,8,3,30
25,2003-2010 CLE,DET,W (+12),10,22,0.455,1,3,0.333,12,1,29
25,2003-2010 CLE,IND,W (+5),11,24,0.458,2,4,0.5,9,2,32
25,2003-2010 CLE,CHI,W (+7),9,21,0.429,0,3,0,11,2,29
25,2003-2010 CLE,DET,W (+25),5,9,0.556,2,3,0.667,3,1,15
25,2003-2010 CLE,NOH,W (+13),15,22,0.682,1,5,0.2,6,0,38
25,2003-2010 CLE,SAS,L (-5),11,21,0.524,1,6,0.167,5,0,27
25,2003-2010 CLE,SAC,W (+7),13,22,0.591,3,6,0.5,7,0,34
25,2003-2010 CLE,MIL,W (+3),7,17,0.412,0,1,0,9,1,23
25,2003-2010 CLE,ATL,W (+5),11,20,0.55,1,3,0.333,13,0,27
25,2003-2010 CLE,BOS,L (-4),14,31,0.452,0,9,0,7,1,42
25,2003-2010 CLE,TOR,W (+12),5,13,0.385,0,2,0,6,1,19
26,2010-2014 MIA,PHI,W (+8),4,14,0.286,0,2,0,14,3,21
26,2010-2014 MIA,PHI,W (+21),10,19,0.526,1,1,1,7,0,29
26,2010-2014 MIA,PHI,W (+6),8,15,0.533,1,4,0.25,15,0,24
26,2010-2014 MIA,PHI,L (-4),11,20,0.55,0,4,0,7,1,31
26,2010-2014 MIA,PHI,W (+6),5,13,0.385,2,5,0.4,10,0,16
26,2010-2014 MIA,BOS,W (+9),8,19,0.421,1,3,0.333,6,2,22
26,2010-2014 MIA,BOS,W (+11),14,25,0.56,2,4,0.5,7,1,35
26,2010-2014 MIA,BOS,L (-16),6,16,0.375,0,3,0,7,5,15
26,2010-2014 MIA,BOS,W (+8),12,28,0.429,2,6,0.333,14,0,35
26,2010-2014 MIA,BOS,W (+10),11,20,0.55,5,7,0.714,7,1,33
26,2010-2014 MIA,CHI,L (-21),5,15,0.333,1,3,0.333,6,3,15
26,2010-2014 MIA,CHI,W (+10),12,21,0.571,2,6,0.333,10,0,29
26,2010-2014 MIA,CHI,W (+11),6,13,0.462,1,2,0.5,6,2,22
26,2010-2014 MIA,CHI,W (+8),11,26,0.423,0,1,0,6,2,35
26,2010-2014 MIA,CHI,W (+3),8,19,0.421,3,6,0.5,11,2,28
26,2010-2014 MIA,DAL,W (+8),9,16,0.563,4,5,0.8,9,0,24
26,2010-2014 MIA,DAL,L (-2),8,15,0.533,2,7,0.286,8,1,20
26,2010-2014 MIA,DAL,W (+2),6,14,0.429,1,4,0.25,3,0,17
26,2010-2014 MIA,DAL,L (-3),3,11,0.273,0,3,0,9,0,8
26,2010-2014 MIA,DAL,L (-9),8,19,0.421,0,4,0,10,1,17
26,2010-2014 MIA,DAL,L (-10),9,15,0.6,2,5,0.4,4,1,21
25,2010-2014 MIA,BOS,L (-8),10,21,0.476,3,6,0.5,4,2,31
25,2010-2014 MIA,PHI,W (+10),5,12,0.417,0,2,0,6,1,16
25,2010-2014 MIA,ORL,W (+26),6,13,0.462,2,3,0.667,6,0,15
25,2010-2014 MIA,NJN,W (+23),5,12,0.417,0,4,0,7,0,20
25,2010-2014 MIA,MIN,W (+32),7,12,0.583,0,2,0,0,1,20
25,2010-2014 MIA,NOH,L (-3),6,16,0.375,1,2,0.5,7,1,20
25,2010-2014 MIA,NJN,W (+12),9,16,0.563,2,4,0.5,3,0,23
25,2010-2014 MIA,UTA,L (-2),5,18,0.278,0,1,0,11,3,20
25,2010-2014 MIA,BOS,L (-5),9,21,0.429,0,5,0,10,0,35
25,2010-2014 MIA,TOR,W (+9),8,21,0.381,0,1,0,2,0,23
25,2010-2014 MIA,PHO,W (+27),9,15,0.6,0,2,0,8,0,20
25,2010-2014 MIA,CHA,W (+8),12,25,0.48,2,5,0.4,2,0,32
25,2010-2014 MIA,MEM,L (-2),11,23,0.478,2,4,0.5,3,0,29
25,2010-2014 MIA,IND,L (-16),6,14,0.429,2,8,0.25,5,0,25
25,2010-2014 MIA,ORL,L (-9),9,18,0.5,1,3,0.333,6,0,25
25,2010-2014 MIA,PHI,W (+9),5,15,0.333,1,5,0.2,8,1,20
25,2010-2014 MIA,DAL,L (-11),5,19,0.263,0,4,0,8,0,23
25,2010-2014 MIA,WAS,W (+11),10,18,0.556,1,1,1,6,1,30
25,2010-2014 MIA,DET,W (+25),8,15,0.533,1,1,1,6,0,18
25,2010-2014 MIA,CLE,W (+28),15,25,0.6,2,7,0.286,5,1,38
25,2010-2014 MIA,ATL,W (+12),5,11,0.455,1,1,1,7,1,22
25,2010-2014 MIA,MIL,W (+10),7,16,0.438,1,3,0.333,6,1,17
25,2010-2014 MIA,UTA,W (+13),12,20,0.6,3,5,0.6,7,0,33
25,2010-2014 MIA,GSW,W (+22),10,18,0.556,3,4,0.75,7,1,25
25,2010-2014 MIA,SAC,W (+21),10,19,0.526,2,3,0.667,10,0,25
25,2010-2014 MIA,NOH,W (+12),6,16,0.375,0,3,0,4,0,20
25,2010-2014 MIA,CLE,W (+6),5,15,0.333,0,4,0,13,0,21
25,2010-2014 MIA,NYK,W (+22),14,23,0.609,3,6,0.5,11,0,32
25,2010-2014 MIA,WAS,W (+1),9,19,0.474,3,7,0.429,7,0,32
25,2010-2014 MIA,DAL,L (-2),6,17,0.353,2,4,0.5,10,0,19
25,2010-2014 MIA,PHO,W (+12),13,22,0.591,2,5,0.4,6,0,36
25,2010-2014 MIA,LAL,W (+16),8,14,0.571,5,6,0.833,11,0,27
25,2010-2014 MIA,NYK,W (+8),8,17,0.471,1,2,0.5,10,0,18
25,2010-2014 MIA,HOU,W (+6),8,15,0.533,0,4,0,6,0,20
26,2010-2014 MIA,GSW,W (+7),7,15,0.467,0,3,0,7,1,25
26,2010-2014 MIA,CHA,W (+14),15,26,0.577,2,4,0.5,9,0,38
26,2010-2014 MIA,MIL,W (+6),8,23,0.348,1,4,0.25,10,1,26
26,2010-2014 MIA,POR,W (+7),17,26,0.654,3,5,0.6,13,0,44
26,2010-2014 MIA,LAC,L (-6),11,24,0.458,3,6,0.5,8,0,27
26,2010-2014 MIA,ATL,L (-4),11,30,0.367,2,10,0.2,10,0,34
26,2010-2014 MIA,TOR,W (+17),14,29,0.483,1,3,0.333,11,1,38
26,2010-2014 MIA,NYK,L (-5),7,24,0.292,0,2,0,11,2,24
26,2010-2014 MIA,DET,W (+1),15,25,0.6,2,4,0.5,8,2,39
26,2010-2014 MIA,OKC,W (+5),7,14,0.5,2,5,0.4,4,3,23
26,2010-2014 MIA,ORL,W (+4),17,25,0.68,3,5,0.6,11,1,51
26,2010-2014 MIA,CHA,W (+12),7,13,0.538,0,3,0,8,0,19
26,2010-2014 MIA,LAC,W (+18),6,15,0.4,0,2,0,6,0,12
26,2010-2014 MIA,IND,W (+5),15,23,0.652,2,5,0.4,13,1,41
26,2010-2014 MIA,DET,W (+14),7,17,0.412,0,2,0,8,0,16
26,2010-2014 MIA,BOS,L (-3),10,21,0.476,0,2,0,7,0,22
26,2010-2014 MIA,IND,W (+7),11,20,0.55,1,3,0.333,6,2,27
26,2010-2014 MIA,TOR,W (+8),8,18,0.444,0,2,0,13,0,23
26,2010-2014 MIA,SAC,W (+20),14,26,0.538,3,6,0.5,8,0,31
26,2010-2014 MIA,CHI,L (-4),12,21,0.571,0,4,0,10,1,29
26,2010-2014 MIA,WAS,W (+8),5,11,0.455,0,1,0,9,3,25
26,2010-2014 MIA,NYK,L (-5),10,20,0.5,1,5,0.2,7,1,27
26,2010-2014 MIA,ORL,L (-3),11,16,0.688,0,2,0,6,2,29
26,2010-2014 MIA,SAS,L (-30),11,19,0.579,1,3,0.333,8,0,26
26,2010-2014 MIA,CHI,L (-1),10,18,0.556,1,2,0.5,8,0,26
26,2010-2014 MIA,POR,L (-9),14,20,0.7,2,4,0.5,11,0,31
26,2010-2014 MIA,LAL,W (+6),7,17,0.412,0,3,0,8,0,19
26,2010-2014 MIA,MEM,W (+33),10,16,0.625,2,4,0.5,5,2,27
26,2010-2014 MIA,SAS,W (+30),8,19,0.421,0,1,0,6,2,21
26,2010-2014 MIA,OKC,L (-11),8,21,0.381,0,3,0,8,1,19
26,2010-2014 MIA,ATL,W (+21),16,21,0.762,5,7,0.714,2,0,43
26,2010-2014 MIA,DEN,W (+5),15,25,0.6,1,4,0.25,6,0,33
26,2010-2014 MIA,DET,W (+6),8,16,0.5,0,3,0,8,0,19
26,2010-2014 MIA,PHI,W (+12),11,17,0.647,1,4,0.25,10,1,32
26,2010-2014 MIA,HOU,W (+6),13,21,0.619,0,1,0,10,0,33
26,2010-2014 MIA,CLE,L (-12),10,21,0.476,1,5,0.2,10,0,27
26,2010-2014 MIA,WAS,W (+16),12,16,0.75,1,3,0.333,8,0,35
26,2010-2014 MIA,MIN,W (+19),11,20,0.55,0,1,0,6,1,27
26,2010-2014 MIA,NJN,W (+14),13,18,0.722,0,2,0,11,0,31
26,2010-2014 MIA,MIL,L (-5),10,22,0.455,3,7,0.429,2,2,29
26,2010-2014 MIA,CHA,W (+9),9,16,0.563,0,1,0,7,1,23
26,2010-2014 MIA,BOS,W (+23),11,19,0.579,0,2,0,5,1,27
26,2010-2014 MIA,ATL,W (+8),10,21,0.476,2,4,0.5,10,0,34
27,2010-2014 MIA,NYK,W (+33),10,14,0.714,1,1,1,4,0,32
27,2010-2014 MIA,NYK,W (+10),8,18,0.444,0,3,0,7,0,19
27,2010-2014 MIA,NYK,W (+17),9,21,0.429,2,5,0.4,8,0,32
27,2010-2014 MIA,NYK,L (-2),9,21,0.429,2,5,0.4,4,0,27
27,2010-2014 MIA,NYK,W (+12),7,16,0.438,2,6,0.333,8,1,29
27,2010-2014 MIA,IND,W (+9),12,26,0.462,0,3,0,15,1,32
27,2010-2014 MIA,IND,L (-3),10,22,0.455,0,4,0,9,0,28
27,2010-2014 MIA,IND,L (-19),10,22,0.455,1,4,0.25,7,0,22
27,2010-2014 MIA,IND,W (+32),12,19,0.632,2,4,0.5,10,1,30
27,2010-2014 MIA,IND,W (+12),12,23,0.522,0,3,0,6,0,28
27,2010-2014 MIA,BOS,W (+14),13,22,0.591,0,3,0,13,3,32
27,2010-2014 MIA,BOS,W (+4),7,20,0.35,2,6,0.333,10,1,34
27,2010-2014 MIA,BOS,L (-10),16,26,0.615,1,4,0.25,8,2,34
27,2010-2014 MIA,BOS,L (-2),12,25,0.48,1,3,0.333,6,1,29
27,2010-2014 MIA,BOS,L (-4),11,25,0.44,2,6,0.333,13,1,30
27,2010-2014 MIA,BOS,W (+19),19,26,0.731,2,4,0.5,15,0,45
27,2010-2014 MIA,BOS,W (+13),9,21,0.429,1,5,0.2,12,1,31
27,2010-2014 MIA,OKC,L (-11),11,24,0.458,1,3,0.333,9,0,30
27,2010-2014 MIA,OKC,W (+4),10,22,0.455,0,2,0,8,0,32
27,2010-2014 MIA,OKC,W (+6),11,23,0.478,1,4,0.25,14,0,29
27,2010-2014 MIA,OKC,W (+6),10,20,0.5,1,4,0.25,9,0,26
27,2010-2014 MIA,OKC,W (+15),9,19,0.474,0,3,0,11,2,26
27,2010-2014 MIA,MIN,W (+2),16,26,0.615,0,1,0,8,1,34
27,2010-2014 MIA,NJN,W (+11),11,17,0.647,0,1,0,7,1,32
27,2010-2014 MIA,GSW,L (-5),10,19,0.526,0,2,0,11,0,26
27,2010-2014 MIA,LAC,L (-6),7,19,0.368,0,1,0,13,0,23
27,2010-2014 MIA,DEN,L (-13),13,20,0.65,3,5,0.6,5,1,35
27,2010-2014 MIA,SAS,W (+22),12,21,0.571,4,6,0.667,5,0,33
27,2010-2014 MIA,LAL,W (+11),12,27,0.444,2,3,0.667,8,3,31
27,2010-2014 MIA,MIL,L (-9),8,18,0.444,0,1,0,13,0,28
27,2010-2014 MIA,CLE,W (+7),8,21,0.381,1,4,0.25,5,0,18
27,2010-2014 MIA,DET,W (+3),9,20,0.45,1,3,0.333,6,0,32
27,2010-2014 MIA,NYK,W (+10),11,18,0.611,0,2,0,8,0,31
27,2010-2014 MIA,CHI,W (+4),12,23,0.522,1,1,1,11,1,35
27,2010-2014 MIA,NOH,W (+14),8,12,0.667,1,2,0.5,11,0,22
27,2010-2014 MIA,MIL,L (-8),14,24,0.583,4,7,0.571,8,0,40
27,2010-2014 MIA,PHI,W (+20),8,16,0.5,0,1,0,12,2,19
27,2010-2014 MIA,TOR,W (+6),10,17,0.588,0,1,0,9,0,30
27,2010-2014 MIA,CLE,W (+16),9,16,0.563,0,1,0,5,0,24
27,2010-2014 MIA,ORL,L (-13),5,15,0.333,0,2,0,6,0,17
27,2010-2014 MIA,WAS,W (+17),6,14,0.429,0,2,0,2,2,18
27,2010-2014 MIA,ATL,W (+20),6,15,0.4,1,3,0.333,13,0,23
27,2010-2014 MIA,IND,W (+15),7,15,0.467,2,5,0.4,9,0,23
27,2010-2014 MIA,CLE,W (+24),11,19,0.579,3,5,0.6,5,1,28
27,2010-2014 MIA,ORL,W (+12),9,14,0.643,1,2,0.5,11,0,25
27,2010-2014 MIA,SAC,W (+12),7,11,0.636,2,2,1,4,2,18
27,2010-2014 MIA,POR,W (+14),13,22,0.591,2,2,1,11,1,38
27,2010-2014 MIA,UTA,L (-1),16,24,0.667,1,4,0.25,10,3,35
27,2010-2014 MIA,LAL,L (-10),12,26,0.462,0,4,0,13,2,25
27,2010-2014 MIA,NJN,W (+30),9,11,0.818,1,1,1,9,0,21
27,2010-2014 MIA,ATL,W (+3),12,20,0.6,0,3,0,11,2,31
27,2010-2014 MIA,IND,W (+2),8,19,0.421,2,3,0.667,8,1,27
27,2010-2014 MIA,ORL,L (-6),7,20,0.35,2,4,0.5,11,1,19
27,2010-2014 MIA,CHI,L (-4),14,25,0.56,2,3,0.667,5,0,35
27,2010-2014 MIA,PHI,W (+6),12,20,0.6,0,2,0,7,2,29
27,2010-2014 MIA,ORL,W (+10),4,14,0.286,0,1,0,12,0,14
27,2010-2014 MIA,PHO,W (+4),8,18,0.444,0,3,0,8,2,20
27,2010-2014 MIA,DET,W (+15),6,15,0.4,0,3,0,6,1,17
27,2010-2014 MIA,OKC,L (-16),8,18,0.444,0,3,0,3,0,17
27,2010-2014 MIA,IND,L (-15),9,21,0.429,2,4,0.5,9,0,24
27,2010-2014 MIA,DAL,W (+21),8,16,0.5,0,2,0,9,0,19
27,2010-2014 MIA,TOR,W (+12),11,18,0.611,0,2,0,4,0,26
27,2010-2014 MIA,PHI,W (+6),15,25,0.6,1,2,0.5,6,1,41
27,2010-2014 MIA,OKC,W (+5),10,20,0.5,3,7,0.429,7,1,34
27,2010-2014 MIA,MEM,L (-15),8,19,0.421,2,6,0.333,6,0,21
27,2010-2014 MIA,DET,W (+23),12,22,0.545,1,3,0.333,4,1,26
27,2010-2014 MIA,BOS,L (-8),11,23,0.478,1,3,0.333,7,1,36
27,2010-2014 MIA,CHI,L (-10),11,24,0.458,3,6,0.5,6,1,30
27,2010-2014 MIA,CHA,W (+23),7,16,0.438,0,1,0,9,1,19
27,2010-2014 MIA,NYK,W (+8),11,24,0.458,1,6,0.167,10,0,29
27,2010-2014 MIA,NJN,W (+3),11,19,0.579,1,2,0.5,6,1,37
27,2010-2014 MIA,TOR,W (+24),12,15,0.8,1,1,1,5,0,28
27,2010-2014 MIA,CHI,W (+11),8,18,0.444,1,2,0.5,11,1,27
27,2010-2014 MIA,HOU,W (+9),11,21,0.524,1,3,0.333,8,2,32
28,2010-2014 MIA,MIL,W (+23),9,11,0.818,1,2,0.5,10,0,27
28,2010-2014 MIA,MIL,W (+12),6,14,0.429,0,3,0,8,0,19
28,2010-2014 MIA,MIL,W (+13),9,14,0.643,2,4,0.5,5,0,22
28,2010-2014 MIA,MIL,W (+11),13,20,0.65,0,2,0,8,1,30
28,2010-2014 MIA,CHI,L (-7),8,17,0.471,1,3,0.333,8,1,24
28,2010-2014 MIA,CHI,W (+37),7,12,0.583,1,3,0.333,5,0,19
28,2010-2014 MIA,CHI,W (+10),6,17,0.353,2,4,0.5,8,0,25
28,2010-2014 MIA,CHI,W (+23),9,20,0.45,1,4,0.25,7,0,27
28,2010-2014 MIA,CHI,W (+3),5,14,0.357,1,3,0.333,7,0,23
28,2010-2014 MIA,IND,W (+1),12,24,0.5,2,6,0.333,10,3,30
28,2010-2014 MIA,IND,L (-4),14,20,0.7,3,7,0.429,8,1,36
28,2010-2014 MIA,IND,W (+18),8,17,0.471,0,1,0,4,0,22
28,2010-2014 MIA,IND,L (-7),8,18,0.444,4,7,0.571,6,3,24
28,2010-2014 MIA,IND,W (+11),13,26,0.5,3,7,0.429,8,1,30
28,2010-2014 MIA,IND,L (-14),10,21,0.476,2,4,0.5,7,1,29
28,2010-2014 MIA,IND,W (+23),8,17,0.471,1,2,0.5,8,1,32
28,2010-2014 MIA,SAS,L (-4),7,16,0.438,1,5,0.2,18,0,18
28,2010-2014 MIA,SAS,W (+19),7,17,0.412,1,3,0.333,8,3,17
28,2010-2014 MIA,SAS,W (+16),15,25,0.6,1,2,0.5,11,2,33
28,2010-2014 MIA,SAS,L (-10),8,22,0.364,2,4,0.5,6,0,25
28,2010-2014 MIA,SAS,W (+3),11,26,0.423,1,5,0.2,10,1,32
28,2010-2014 MIA,SAS,W (+7),12,23,0.522,5,10,0.5,12,0,37
27,2010-2014 MIA,BOS,W (+13),10,16,0.625,2,4,0.5,10,0,26
27,2010-2014 MIA,NYK,L (-20),8,16,0.5,2,3,0.667,7,3,23
27,2010-2014 MIA,DEN,W (+3),8,17,0.471,0,1,0,9,2,20
27,2010-2014 MIA,PHO,W (+25),10,17,0.588,2,3,0.667,11,0,23
27,2010-2014 MIA,BRK,W (+30),7,12,0.583,2,3,0.667,12,0,20
27,2010-2014 MIA,ATL,W (+6),10,17,0.588,0,2,0,11,0,21
27,2010-2014 MIA,MEM,L (-18),10,19,0.526,0,1,0,10,1,20
27,2010-2014 MIA,HOU,W (+3),14,26,0.538,5,8,0.625,10,0,38
27,2010-2014 MIA,LAC,L (-7),12,23,0.522,0,3,0,5,2,30
27,2010-2014 MIA,DEN,W (+5),11,23,0.478,0,1,0,7,3,27
27,2010-2014 MIA,PHO,W (+9),8,20,0.4,1,3,0.333,7,0,21
27,2010-2014 MIA,MIL,W (+7),11,21,0.524,2,4,0.5,10,1,28
27,2010-2014 MIA,CLE,W (+2),10,16,0.625,2,5,0.4,6,1,30
27,2010-2014 MIA,SAS,W (+5),9,16,0.563,2,5,0.4,9,0,23
27,2010-2014 MIA,BRK,W (+13),8,15,0.533,1,2,0.5,9,0,21
27,2010-2014 MIA,WAS,L (-4),12,24,0.5,1,4,0.25,13,2,26
27,2010-2014 MIA,NYK,L (-20),11,20,0.55,3,5,0.6,10,0,31
27,2010-2014 MIA,ATL,W (+9),10,16,0.625,1,2,0.5,7,0,27
27,2010-2014 MIA,GSW,L (-2),12,23,0.522,2,4,0.5,3,0,31
27,2010-2014 MIA,WAS,W (+30),8,15,0.533,0,3,0,10,0,23
27,2010-2014 MIA,MIN,W (+11),8,18,0.444,2,5,0.4,6,4,22
27,2010-2014 MIA,DAL,W (+15),9,13,0.692,3,5,0.6,9,1,24
27,2010-2014 MIA,UTA,W (+16),11,20,0.55,1,1,1,9,0,30
27,2010-2014 MIA,OKC,W (+6),12,20,0.6,0,3,0,8,1,29
27,2010-2014 MIA,CHA,W (+13),9,19,0.474,2,4,0.5,12,2,27
27,2010-2014 MIA,DET,L (-10),15,22,0.682,2,4,0.5,6,1,35
27,2010-2014 MIA,MIL,L (-19),11,20,0.55,1,2,0.5,6,1,26
28,2010-2014 MIA,ORL,W (+2),10,22,0.455,1,6,0.167,8,0,36
28,2010-2014 MIA,DAL,W (+10),11,20,0.55,1,3,0.333,12,1,32
28,2010-2014 MIA,CHI,L (-7),8,14,0.571,1,5,0.2,6,0,30
28,2010-2014 MIA,WAS,W (+28),9,17,0.529,2,3,0.667,2,1,24
28,2010-2014 MIA,IND,L (-10),10,20,0.5,1,1,1,10,2,22
28,2010-2014 MIA,POR,L (-2),6,16,0.375,1,5,0.2,10,1,15
28,2010-2014 MIA,SAC,W (+29),7,10,0.7,0,1,0,5,2,20
28,2010-2014 MIA,UTA,L (-7),13,19,0.684,2,4,0.5,4,2,32
28,2010-2014 MIA,GSW,W (+17),11,20,0.55,1,5,0.2,7,0,25
28,2010-2014 MIA,LAL,W (+9),17,25,0.68,1,2,0.5,7,1,39
28,2010-2014 MIA,TOR,W (+7),12,23,0.522,1,5,0.2,10,0,31
28,2010-2014 MIA,DET,W (+22),9,14,0.643,0,1,0,7,0,23
28,2010-2014 MIA,BOS,L (-2),14,31,0.452,3,6,0.5,16,1,34
28,2010-2014 MIA,BRK,W (+20),10,18,0.556,3,4,0.75,9,0,24
28,2010-2014 MIA,IND,L (-13),9,17,0.529,1,3,0.333,6,1,28
28,2010-2014 MIA,TOR,W (+15),10,16,0.625,1,2,0.5,8,0,30
28,2010-2014 MIA,HOU,W (+6),11,18,0.611,3,6,0.5,6,2,32
28,2010-2014 MIA,LAC,W (+22),9,11,0.818,4,5,0.8,5,2,30
28,2010-2014 MIA,LAL,W (+10),12,18,0.667,1,2,0.5,7,0,32
28,2010-2014 MIA,POR,W (+13),11,15,0.733,1,3,0.333,6,2,30
28,2010-2014 MIA,OKC,W (+10),14,24,0.583,4,8,0.5,12,0,39
28,2010-2014 MIA,ATL,W (+13),8,15,0.533,1,4,0.25,6,0,24
28,2010-2014 MIA,CHI,W (+19),11,15,0.733,1,4,0.25,12,0,26
28,2010-2014 MIA,PHI,W (+24),7,12,0.583,1,4,0.25,10,0,16
28,2010-2014 MIA,CLE,W (+4),10,19,0.526,0,1,0,3,0,28
28,2010-2014 MIA,SAC,W (+12),14,23,0.609,1,2,0.5,8,1,40
28,2010-2014 MIA,MEM,W (+7),4,14,0.286,2,4,0.5,8,1,18
28,2010-2014 MIA,NYK,W (+6),12,23,0.522,2,6,0.333,11,1,29
28,2010-2014 MIA,MIN,W (+16),9,16,0.563,1,4,0.25,10,2,20
28,2010-2014 MIA,ORL,W (+1),7,14,0.5,1,6,0.167,3,1,26
28,2010-2014 MIA,PHI,W (+9),10,17,0.588,2,3,0.667,10,2,25
28,2010-2014 MIA,ATL,W (+17),3,11,0.273,0,2,0,7,0,15
28,2010-2014 MIA,PHI,W (+4),8,19,0.421,1,4,0.25,7,1,27
28,2010-2014 MIA,MIL,W (+13),12,24,0.5,0,2,0,10,1,28
28,2010-2014 MIA,TOR,W (+17),6,12,0.5,2,6,0.333,12,0,22
28,2010-2014 MIA,BOS,W (+2),16,29,0.552,1,4,0.25,7,2,37
28,2010-2014 MIA,CLE,W (+3),8,22,0.364,3,7,0.429,12,2,25
28,2010-2014 MIA,DET,W (+14),12,15,0.8,1,1,1,8,1,29
28,2010-2014 MIA,CHA,W (+32),11,14,0.786,0,1,0,8,3,32
28,2010-2014 MIA,CHI,L (-4),11,17,0.647,2,5,0.4,7,4,32
28,2010-2014 MIA,NOH,W (+19),13,20,0.65,7,10,0.7,4,0,36
28,2010-2014 MIA,PHI,W (+19),12,17,0.706,1,2,0.5,4,0,27
28,2010-2014 MIA,MIL,W (+11),11,16,0.688,0,1,0,7,1,28
28,2010-2014 MIA,CHI,W (+12),7,12,0.583,1,1,1,7,0,24
29,2010-2014 MIA,CHA,W (+11),8,16,0.5,4,8,0.5,9,0,27
29,2010-2014 MIA,CHA,W (+4),11,17,0.647,1,5,0.2,6,0,32
29,2010-2014 MIA,CHA,W (+13),10,18,0.556,1,2,0.5,10,0,30
29,2010-2014 MIA,CHA,W (+11),10,19,0.526,1,5,0.2,7,1,31
29,2010-2014 MIA,BRK,W (+12),9,18,0.5,0,3,0,4,1,22
29,2010-2014 MIA,BRK,L (-14),8,15,0.533,3,7,0.429,8,1,28
29,2010-2014 MIA,BRK,W (+6),16,24,0.667,3,6,0.5,6,0,49
29,2010-2014 MIA,BRK,W (+2),6,14,0.429,2,5,0.4,9,1,29
29,2010-2014 MIA,IND,L (-11),11,18,0.611,1,5,0.2,10,0,25
29,2010-2014 MIA,IND,W (+4),9,18,0.5,1,5,0.2,7,3,22
29,2010-2014 MIA,IND,W (+12),9,14,0.643,1,2,0.5,5,0,26
29,2010-2014 MIA,IND,W (+12),13,21,0.619,2,3,0.667,10,0,32
29,2010-2014 MIA,IND,L (-3),2,10,0.2,1,3,0.333,2,1,7
29,2010-2014 MIA,SAS,L (-15),9,17,0.529,2,3,0.667,6,0,25
29,2010-2014 MIA,SAS,W (+2),14,22,0.636,3,3,1,10,0,35
29,2010-2014 MIA,SAS,L (-19),9,14,0.643,2,4,0.5,5,0,22
29,2010-2014 MIA,SAS,L (-21),10,17,0.588,4,8,0.5,8,0,28
29,2010-2014 MIA,SAS,L (-17),10,21,0.476,3,9,0.333,10,2,31
28,2010-2014 MIA,CHI,W (+12),5,11,0.455,0,1,0,6,0,17
28,2010-2014 MIA,PHI,L (-4),9,17,0.529,4,7,0.571,4,0,25
28,2010-2014 MIA,BRK,L (-1),11,19,0.579,1,2,0.5,7,1,26
28,2010-2014 MIA,WAS,W (+10),9,14,0.643,3,5,0.6,3,0,25
28,2010-2014 MIA,TOR,W (+9),13,20,0.65,1,3,0.333,8,1,35
28,2010-2014 MIA,LAC,W (+5),6,13,0.462,1,3,0.333,5,0,18
28,2010-2014 MIA,MIL,W (+23),13,21,0.619,4,7,0.571,3,0,33
28,2010-2014 MIA,DAL,W (+6),14,18,0.778,1,1,1,6,0,39
28,2010-2014 MIA,ORL,W (+28),5,11,0.455,0,2,0,6,1,21
28,2010-2014 MIA,ORL,W (+2),7,13,0.538,3,6,0.5,9,0,22
28,2010-2014 MIA,PHO,W (+15),11,14,0.786,2,4,0.5,5,1,35
28,2010-2014 MIA,CLE,W (+11),9,19,0.474,1,3,0.333,8,0,28
28,2010-2014 MIA,TOR,W (+7),10,17,0.588,3,5,0.6,6,1,27
28,2010-2014 MIA,CHA,W (+1),8,13,0.615,1,3,0.333,5,1,26
28,2010-2014 MIA,DET,L (-10),8,15,0.533,2,5,0.4,5,1,23
28,2010-2014 MIA,CHI,L (-20),7,17,0.412,1,4,0.25,5,0,21
28,2010-2014 MIA,DET,W (+15),10,15,0.667,0,2,0,7,0,24
28,2010-2014 MIA,IND,L (-6),6,16,0.375,1,4,0.25,14,0,17
28,2010-2014 MIA,CLE,W (+7),9,12,0.75,0,2,0,9,0,25
28,2010-2014 MIA,UTA,W (+23),13,17,0.765,0,1,0,9,0,30
28,2010-2014 MIA,IND,W (+3),8,14,0.571,1,3,0.333,9,0,24
28,2010-2014 MIA,SAC,W (+19),8,11,0.727,1,2,0.5,6,1,18
28,2010-2014 MIA,ATL,W (+2),16,28,0.571,4,9,0.444,8,0,38
28,2010-2014 MIA,LAL,W (+6),7,14,0.5,0,4,0,8,0,19
28,2010-2014 MIA,SAC,L (-5),12,23,0.522,4,9,0.444,8,0,33
29,2010-2014 MIA,DEN,W (+3),8,15,0.533,5,9,0.556,6,1,26
29,2010-2014 MIA,GSW,L (-9),10,16,0.625,1,4,0.25,5,1,26
29,2010-2014 MIA,ORL,W (+16),5,13,0.385,0,1,0,8,0,15
29,2010-2014 MIA,NOP,W (+19),13,22,0.591,3,6,0.5,3,0,32
29,2010-2014 MIA,NYK,L (-10),12,17,0.706,1,4,0.25,5,1,32
29,2010-2014 MIA,BRK,L (-9),12,21,0.571,2,5,0.4,7,0,36
29,2010-2014 MIA,WAS,L (-17),8,18,0.444,0,4,0,8,0,25
29,2010-2014 MIA,PHI,W (+15),7,13,0.538,0,1,0,8,1,21
29,2010-2014 MIA,CHA,W (+8),13,25,0.52,0,3,0,8,0,34
29,2010-2014 MIA,ATL,L (-7),11,21,0.524,3,7,0.429,4,0,30
29,2010-2014 MIA,BOS,W (+7),10,19,0.526,0,4,0,8,0,29
29,2010-2014 MIA,LAL,W (+7),9,15,0.6,2,4,0.5,13,0,27
29,2010-2014 MIA,SAS,W (+12),8,15,0.533,1,3,0.333,7,0,18
29,2010-2014 MIA,OKC,L (-17),12,20,0.6,1,5,0.2,3,0,34
29,2010-2014 MIA,NYK,W (+15),13,22,0.591,1,3,0.333,8,0,30
29,2010-2014 MIA,DET,W (+6),9,19,0.474,0,3,0,8,2,24
29,2010-2014 MIA,LAC,W (+4),11,20,0.55,3,7,0.429,8,1,31
29,2010-2014 MIA,UTA,L (-5),4,13,0.308,1,6,0.167,7,0,13
29,2010-2014 MIA,PHO,W (+6),12,22,0.545,2,5,0.4,9,0,37
29,2010-2014 MIA,GSW,W (+1),14,26,0.538,4,8,0.5,13,0,36
29,2010-2014 MIA,DAL,W (+11),16,23,0.696,4,8,0.5,9,0,42
29,2010-2014 MIA,OKC,W (+22),15,22,0.682,1,5,0.2,7,0,33
29,2010-2014 MIA,NYK,W (+26),13,19,0.684,1,2,0.5,4,0,31
29,2010-2014 MIA,ORL,W (+14),8,12,0.667,0,2,0,9,0,20
29,2010-2014 MIA,CHA,W (+17),22,33,0.667,8,10,0.8,7,0,61
29,2010-2014 MIA,HOU,L (-3),9,18,0.5,0,3,0,1,0,22
29,2010-2014 MIA,SAS,L (-24),6,18,0.333,0,3,0,8,0,19
29,2010-2014 MIA,BRK,L (-1),6,13,0.462,1,4,0.25,5,0,19
29,2010-2014 MIA,DEN,L (-4),8,17,0.471,0,4,0,6,0,21
29,2010-2014 MIA,HOU,W (+9),8,17,0.471,1,3,0.333,5,0,24
29,2010-2014 MIA,CLE,W (+4),14,19,0.737,6,8,0.75,6,3,43
29,2010-2014 MIA,MEM,W (+5),7,14,0.5,0,2,0,6,1,15
29,2010-2014 MIA,NOP,L (-10),10,18,0.556,2,4,0.5,8,1,25
29,2010-2014 MIA,POR,W (+2),13,23,0.565,0,1,0,6,0,32
29,2010-2014 MIA,IND,L (-1),11,19,0.579,2,6,0.333,8,0,38
29,2010-2014 MIA,DET,W (+32),7,13,0.538,1,3,0.333,10,0,17
29,2010-2014 MIA,MIL,W (+21),5,10,0.5,1,3,0.333,7,0,13
29,2010-2014 MIA,TOR,W (+10),11,20,0.55,1,6,0.167,7,0,32
29,2010-2014 MIA,MIL,W (+19),7,12,0.583,1,3,0.333,4,1,17
29,2010-2014 MIA,MIN,L (-1),12,24,0.5,2,4,0.5,8,1,34
29,2010-2014 MIA,NYK,W (+11),13,22,0.591,3,7,0.429,5,0,38
29,2010-2014 MIA,BRK,L (-1),9,16,0.563,0,3,0,10,0,29
29,2010-2014 MIA,MEM,L (-5),14,23,0.609,3,5,0.6,6,0,37
29,2010-2014 MIA,IND,W (+12),11,20,0.55,2,4,0.5,6,1,36
29,2010-2014 MIA,ATL,L (-13),10,22,0.455,3,7,0.429,8,1,27
30,2014-2018 CLE,BOS,W (+13),8,18,0.444,1,3,0.333,6,1,20
30,2014-2018 CLE,BOS,W (+8),11,22,0.5,1,5,0.2,9,2,30
30,2014-2018 CLE,BOS,W (+8),13,26,0.5,1,5,0.2,11,2,31
30,2014-2018 CLE,BOS,W (+8),10,24,0.417,1,7,0.143,10,1,27
30,2014-2018 CLE,CHI,L (-7),9,22,0.409,0,3,0,15,1,19
30,2014-2018 CLE,CHI,W (+15),13,29,0.448,0,2,0,8,1,33
30,2014-2018 CLE,CHI,L (-3),8,25,0.32,1,7,0.143,8,1,27
30,2014-2018 CLE,CHI,W (+2),10,30,0.333,1,7,0.143,14,2,25
30,2014-2018 CLE,CHI,W (+5),14,24,0.583,1,5,0.2,12,3,38
30,2014-2018 CLE,CHI,W (+21),7,23,0.304,0,4,0,9,2,15
30,2014-2018 CLE,ATL,W (+8),12,26,0.462,0,1,0,8,0,31
30,2014-2018 CLE,ATL,W (+12),10,22,0.455,2,7,0.286,9,1,30
30,2014-2018 CLE,ATL,W (+3),14,37,0.378,1,6,0.167,18,0,37
30,2014-2018 CLE,ATL,W (+30),10,20,0.5,2,6,0.333,9,1,23
30,2014-2018 CLE,GSW,L (-8),18,38,0.474,2,8,0.25,8,0,44
30,2014-2018 CLE,GSW,W (+2),11,35,0.314,3,6,0.5,16,1,39
30,2014-2018 CLE,GSW,W (+5),14,34,0.412,2,6,0.333,12,2,40
30,2014-2018 CLE,GSW,L (-21),7,22,0.318,1,4,0.25,12,0,20
30,2014-2018 CLE,GSW,L (-13),15,34,0.441,3,8,0.375,14,0,40
30,2014-2018 CLE,GSW,L (-8),13,33,0.394,2,10,0.2,18,0,32
29,2014-2018 CLE,NYK,L (-5),5,15,0.333,1,5,0.2,5,0,17
29,2014-2018 CLE,CHI,W (+6),14,30,0.467,1,3,0.333,8,1,36
29,2014-2018 CLE,POR,L (-19),4,12,0.333,2,4,0.5,7,0,11
29,2014-2018 CLE,UTA,L (-2),8,18,0.444,3,5,0.6,3,0,31
29,2014-2018 CLE,DEN,W (+9),8,18,0.444,1,5,0.2,7,1,22
29,2014-2018 CLE,NOP,W (+7),9,17,0.529,1,3,0.333,11,1,32
29,2014-2018 CLE,BOS,W (+1),16,27,0.593,3,8,0.375,4,1,41
29,2014-2018 CLE,ATL,W (+33),13,20,0.65,4,5,0.8,6,1,32
29,2014-2018 CLE,DEN,L (-9),8,18,0.444,1,4,0.25,9,2,22
29,2014-2018 CLE,SAS,L (-2),6,17,0.353,2,3,0.667,6,1,15
29,2014-2018 CLE,WAS,L (-13),8,21,0.381,2,7,0.286,4,1,22
29,2014-2018 CLE,TOR,L (-17),6,12,0.5,1,4,0.25,1,1,15
29,2014-2018 CLE,ORL,W (+32),9,17,0.529,2,4,0.5,4,0,29
29,2014-2018 CLE,WAS,W (+26),7,14,0.5,1,5,0.2,10,0,29
29,2014-2018 CLE,IND,W (+12),9,18,0.5,0,1,0,2,0,19
29,2014-2018 CLE,MIL,W (+3),6,15,0.4,0,4,0,5,0,26
29,2014-2018 CLE,NYK,W (+3),7,17,0.412,1,6,0.167,5,0,19
29,2014-2018 CLE,TOR,W (+14),9,18,0.5,2,4,0.5,7,1,24
29,2014-2018 CLE,BRK,W (+22),8,17,0.471,1,3,0.333,4,0,18
29,2014-2018 CLE,TOR,W (+4),12,21,0.571,2,5,0.4,2,2,35
29,2014-2018 CLE,NOP,L (-5),17,24,0.708,2,2,1,5,1,41
29,2014-2018 CLE,CHO,W (+9),11,19,0.579,2,3,0.667,7,3,27
29,2014-2018 CLE,ATL,L (-29),8,16,0.5,0,2,0,3,0,21
29,2014-2018 CLE,BRK,W (+4),7,18,0.389,2,4,0.5,4,0,22
29,2014-2018 CLE,MEM,W (+14),9,15,0.6,3,5,0.6,1,1,25
29,2014-2018 CLE,MIN,W (+21),8,16,0.5,4,7,0.571,4,3,24
29,2014-2018 CLE,MIA,L (-10),9,16,0.563,2,8,0.25,4,0,30
29,2014-2018 CLE,ORL,W (+9),10,20,0.5,0,5,0,5,2,29
29,2014-2018 CLE,DET,L (-23),5,19,0.263,2,6,0.333,10,0,17
30,2014-2018 CLE,PHO,L (-7),11,18,0.611,3,8,0.375,7,0,33
30,2014-2018 CLE,LAL,W (+7),12,23,0.522,4,9,0.444,4,0,36
30,2014-2018 CLE,LAC,W (+5),11,23,0.478,3,8,0.375,11,0,32
30,2014-2018 CLE,CHI,W (+14),12,23,0.522,0,3,0,5,0,26
30,2014-2018 CLE,UTA,W (+14),8,16,0.5,0,2,0,7,0,26
30,2014-2018 CLE,CHO,W (+39),9,15,0.6,2,4,0.5,6,1,25
30,2014-2018 CLE,OKC,W (+10),11,25,0.44,2,6,0.333,7,2,34
30,2014-2018 CLE,DET,W (+8),11,24,0.458,0,4,0,6,0,32
30,2014-2018 CLE,SAC,W (+11),7,16,0.438,1,4,0.25,3,2,19
30,2014-2018 CLE,MIN,W (+16),14,25,0.56,3,8,0.375,6,1,36
30,2014-2018 CLE,PHI,W (+13),6,17,0.353,1,4,0.25,3,0,18
30,2014-2018 CLE,LAC,W (+11),8,14,0.571,1,2,0.5,3,0,23
30,2014-2018 CLE,IND,L (-4),10,21,0.476,0,4,0,6,1,25
30,2014-2018 CLE,LAL,W (+15),8,16,0.5,2,7,0.286,10,0,22
30,2014-2018 CLE,MIA,W (+20),6,16,0.375,0,4,0,9,0,18
30,2014-2018 CLE,CHI,L (-15),12,26,0.462,2,9,0.222,5,0,31
30,2014-2018 CLE,WAS,W (+38),12,21,0.571,3,5,0.6,5,0,28
30,2014-2018 CLE,NYK,W (+18),7,17,0.412,1,6,0.167,7,0,18
30,2014-2018 CLE,DET,W (+9),6,14,0.429,1,5,0.2,7,1,19
30,2014-2018 CLE,GSW,W (+11),15,25,0.6,4,9,0.444,11,1,42
30,2014-2018 CLE,HOU,L (-2),15,35,0.429,4,12,0.333,8,3,37
30,2014-2018 CLE,BOS,W (+31),12,23,0.522,0,1,0,3,1,27
30,2014-2018 CLE,TOR,W (+8),9,16,0.563,3,6,0.5,6,0,29
30,2014-2018 CLE,ATL,L (-9),5,13,0.385,1,4,0.25,6,1,18
30,2014-2018 CLE,PHO,W (+10),6,16,0.375,2,5,0.4,6,0,17
30,2014-2018 CLE,DAL,W (+33),10,14,0.714,4,6,0.667,7,1,27
30,2014-2018 CLE,SAS,W (+3),10,20,0.5,3,6,0.5,5,1,31
30,2014-2018 CLE,ORL,W (+15),9,14,0.643,0,3,0,8,1,21
30,2014-2018 CLE,MIA,L (-14),8,19,0.421,4,8,0.5,2,0,26
30,2014-2018 CLE,BRK,W (+25),5,13,0.385,2,4,0.5,3,0,16
30,2014-2018 CLE,IND,W (+3),13,26,0.5,2,6,0.333,7,0,29
30,2014-2018 CLE,MIL,W (+18),10,17,0.588,1,4,0.25,10,1,28
30,2014-2018 CLE,MEM,W (+22),7,15,0.467,3,5,0.6,8,0,20
30,2014-2018 CLE,BRK,L (-8),8,15,0.533,2,5,0.4,5,1,24
30,2014-2018 CLE,PHI,W (+1),8,24,0.333,1,4,0.25,11,1,20
30,2014-2018 CLE,MIA,W (+26),9,16,0.563,1,2,0.5,8,3,23
30,2014-2018 CLE,CHI,W (+5),8,17,0.471,1,3,0.333,10,1,20
30,2014-2018 CLE,MIL,W (+5),8,15,0.533,2,5,0.4,9,1,21
30,2014-2018 CLE,BOS,L (-9),5,14,0.357,0,5,0,3,0,14
30,2014-2018 CLE,DET,W (+12),7,17,0.412,3,4,0.75,10,1,21
31,2014-2018 CLE,DET,W (+5),9,17,0.529,0,3,0,6,2,22
31,2014-2018 CLE,DET,W (+17),12,18,0.667,2,4,0.5,6,0,27
31,2014-2018 CLE,DET,W (+10),8,24,0.333,1,6,0.167,13,1,20
31,2014-2018 CLE,DET,W (+2),9,19,0.474,1,6,0.167,11,0,22
31,2014-2018 CLE,ATL,W (+11),11,21,0.524,2,4,0.5,7,1,25
31,2014-2018 CLE,ATL,W (+25),9,15,0.6,4,6,0.667,4,0,27
31,2014-2018 CLE,ATL,W (+13),8,16,0.5,1,4,0.25,13,0,24
31,2014-2018 CLE,ATL,W (+1),10,23,0.435,1,5,0.2,10,1,21
31,2014-2018 CLE,TOR,W (+31),11,13,0.846,0,1,0,6,1,24
31,2014-2018 CLE,TOR,W (+19),7,13,0.538,0,2,0,11,0,23
31,2014-2018 CLE,TOR,L (-15),9,17,0.529,1,5,0.2,8,0,24
31,2014-2018 CLE,TOR,L (-6),11,16,0.688,1,3,0.333,9,1,29
31,2014-2018 CLE,TOR,W (+38),10,17,0.588,2,4,0.5,6,1,23
31,2014-2018 CLE,TOR,W (+26),13,22,0.591,3,6,0.5,11,3,33
31,2014-2018 CLE,GSW,L (-15),9,21,0.429,2,4,0.5,12,1,23
31,2014-2018 CLE,GSW,L (-33),7,17,0.412,1,5,0.2,8,1,19
31,2014-2018 CLE,GSW,W (+30),14,26,0.538,1,2,0.5,11,2,32
31,2014-2018 CLE,GSW,L (-11),11,21,0.524,1,5,0.2,13,3,25
31,2014-2018 CLE,GSW,W (+15),16,30,0.533,4,8,0.5,16,3,41
31,2014-2018 CLE,GSW,W (+14),16,27,0.593,3,6,0.5,8,3,41
31,2014-2018 CLE,GSW,W (+4),9,24,0.375,1,5,0.2,11,3,27
30,2014-2018 CLE,CHI,L (-2),12,22,0.545,1,5,0.2,10,0,25
30,2014-2018 CLE,MEM,W (+30),4,13,0.308,0,3,0,7,0,12
30,2014-2018 CLE,MIA,W (+10),13,19,0.684,0,2,0,5,0,29
30,2014-2018 CLE,PHI,W (+7),9,19,0.474,0,3,0,9,2,22
30,2014-2018 CLE,NYK,W (+10),9,23,0.391,1,5,0.2,5,1,23
30,2014-2018 CLE,PHI,W (+6),12,22,0.545,3,5,0.6,4,0,31
30,2014-2018 CLE,IND,W (+4),10,23,0.435,0,3,0,6,0,29
30,2014-2018 CLE,UTA,W (+4),11,19,0.579,1,3,0.333,7,0,31
30,2014-2018 CLE,NYK,W (+6),12,21,0.571,0,2,0,3,1,31
30,2014-2018 CLE,MIL,L (-3),13,27,0.481,5,11,0.455,12,3,37
30,2014-2018 CLE,DET,L (-5),11,21,0.524,4,7,0.571,6,0,30
30,2014-2018 CLE,MIL,W (+15),9,13,0.692,1,1,1,9,0,27
30,2014-2018 CLE,ATL,W (+12),8,15,0.533,1,2,0.5,11,2,19
30,2014-2018 CLE,ORL,W (+14),7,14,0.5,0,2,0,6,0,15
30,2014-2018 CLE,TOR,L (-4),6,16,0.375,1,5,0.2,6,0,24
30,2014-2018 CLE,CHO,W (+5),8,20,0.4,2,5,0.4,13,0,25
30,2014-2018 CLE,BRK,W (+2),10,22,0.455,1,6,0.167,9,0,26
30,2014-2018 CLE,WAS,L (-12),8,20,0.4,0,3,0,13,1,24
30,2014-2018 CLE,NOP,L (-6),13,29,0.448,1,5,0.2,7,1,37
30,2014-2018 CLE,POR,W (+5),14,24,0.583,1,3,0.333,10,3,33
30,2014-2018 CLE,ORL,W (+35),10,15,0.667,0,1,0,3,0,25
30,2014-2018 CLE,BOS,W (+12),10,20,0.5,0,3,0,7,1,24
30,2014-2018 CLE,OKC,W (+4),12,27,0.444,2,5,0.4,9,0,33
30,2014-2018 CLE,PHI,W (+22),10,17,0.588,0,3,0,5,1,23
30,2014-2018 CLE,NYK,W (+7),9,22,0.409,0,3,0,9,0,24
30,2014-2018 CLE,GSW,L (-6),10,26,0.385,1,5,0.2,9,2,25
30,2014-2018 CLE,POR,L (-29),4,13,0.308,0,3,0,4,0,12
30,2014-2018 CLE,PHO,W (+4),4,10,0.4,1,5,0.2,4,1,14
30,2014-2018 CLE,DEN,W (+6),13,24,0.542,1,3,0.333,6,1,34
31,2014-2018 CLE,ORL,W (+25),11,18,0.611,4,7,0.571,5,0,29
31,2014-2018 CLE,TOR,W (+22),7,11,0.636,1,2,0.5,2,0,20
31,2014-2018 CLE,WAS,W (+6),12,22,0.545,4,9,0.444,10,1,34
31,2014-2018 CLE,MIN,W (+26),5,12,0.417,0,4,0,12,2,13
31,2014-2018 CLE,PHI,W (+10),15,22,0.682,3,5,0.6,7,0,37
31,2014-2018 CLE,DAL,W (+3),9,17,0.529,3,6,0.5,10,0,27
31,2014-2018 CLE,SAS,L (-4),9,17,0.529,1,3,0.333,7,0,22
31,2014-2018 CLE,HOU,W (+14),7,14,0.5,1,2,0.5,7,2,19
31,2014-2018 CLE,GSW,L (-34),7,16,0.438,0,3,0,5,1,16
31,2014-2018 CLE,BRK,W (+13),7,12,0.583,1,1,1,1,1,17
31,2014-2018 CLE,LAC,W (+13),9,17,0.529,1,4,0.25,5,0,22
31,2014-2018 CLE,CHI,L (-13),11,27,0.407,0,5,0,13,1,26
31,2014-2018 CLE,MIN,W (+7),11,15,0.733,1,1,1,4,1,25
31,2014-2018 CLE,PHO,W (+22),7,8,0.875,0,1,0,3,0,21
31,2014-2018 CLE,DET,W (+8),7,16,0.438,0,2,0,9,0,20
31,2014-2018 CLE,SAS,W (+14),10,17,0.588,0,2,0,5,2,29
31,2014-2018 CLE,IND,W (+5),9,22,0.409,0,5,0,12,1,24
31,2014-2018 CLE,CHO,L (-9),10,21,0.476,0,3,0,6,2,23
31,2014-2018 CLE,BOS,L (-1),9,23,0.391,0,5,0,7,1,30
31,2014-2018 CLE,NOP,W (+15),11,20,0.55,2,5,0.4,3,0,27
31,2014-2018 CLE,SAC,W (+20),8,16,0.5,1,2,0.5,10,1,21
31,2014-2018 CLE,LAL,W (+9),12,22,0.545,3,6,0.5,7,0,29
31,2014-2018 CLE,CHI,W (+11),11,19,0.579,0,2,0,9,1,25
31,2014-2018 CLE,OKC,W (+23),11,22,0.5,2,5,0.4,7,0,25
31,2014-2018 CLE,DET,L (-8),5,18,0.278,0,4,0,8,0,12
31,2014-2018 CLE,CHO,W (+11),8,13,0.615,2,4,0.5,7,0,23
31,2014-2018 CLE,TOR,L (-2),9,18,0.5,2,4,0.5,8,0,25
31,2014-2018 CLE,IND,W (+4),14,22,0.636,2,4,0.5,5,0,33
31,2014-2018 CLE,WAS,W (+25),7,18,0.389,1,4,0.25,13,0,19
31,2014-2018 CLE,BOS,W (+17),11,20,0.55,1,4,0.25,11,1,28
31,2014-2018 CLE,MEM,L (-3),11,19,0.579,2,4,0.5,9,0,28
31,2014-2018 CLE,SAC,W (+9),8,19,0.421,1,5,0.2,11,0,25
31,2014-2018 CLE,LAL,W (+12),9,18,0.5,1,4,0.25,5,2,24
31,2014-2018 CLE,LAC,W (+24),9,15,0.6,3,4,0.75,6,0,27
31,2014-2018 CLE,UTA,L (-9),10,20,0.5,2,6,0.333,12,0,23
31,2014-2018 CLE,ORL,W (+6),6,15,0.4,0,3,0,7,1,18
31,2014-2018 CLE,DEN,W (+33),12,19,0.632,1,2,0.5,11,0,33
31,2014-2018 CLE,MIL,W (+9),9,22,0.409,1,4,0.25,6,1,26
31,2014-2018 CLE,BRK,L (-9),13,16,0.813,1,2,0.5,6,0,30
31,2014-2018 CLE,NYK,W (+14),10,21,0.476,2,3,0.667,11,2,27
31,2014-2018 CLE,ATL,W (+2),12,26,0.462,1,5,0.2,16,1,29
31,2014-2018 CLE,MIL,W (+29),7,9,0.778,1,2,0.5,5,1,17
31,2014-2018 CLE,CHI,L (-3),13,17,0.765,4,5,0.8,7,1,33
31,2014-2018 CLE,ATL,W (+15),13,16,0.813,3,4,0.75,6,1,34
32,2014-2018 CLE,IND,W (+1),12,20,0.6,2,3,0.667,6,0,32
32,2014-2018 CLE,IND,W (+6),11,20,0.55,0,2,0,10,4,25
32,2014-2018 CLE,IND,W (+5),14,27,0.519,6,12,0.5,13,2,41
32,2014-2018 CLE,IND,W (+4),13,25,0.52,1,3,0.333,10,2,33
32,2014-2018 CLE,TOR,W (+11),13,23,0.565,2,5,0.4,10,1,35
32,2014-2018 CLE,TOR,W (+22),10,14,0.714,4,6,0.667,6,2,39
32,2014-2018 CLE,TOR,W (+21),9,16,0.563,2,4,0.5,8,0,35
32,2014-2018 CLE,TOR,W (+7),11,22,0.5,5,12,0.417,9,1,35
32,2014-2018 CLE,BOS,W (+13),14,24,0.583,1,6,0.167,9,0,38
32,2014-2018 CLE,BOS,W (+44),12,18,0.667,4,6,0.667,4,3,30
32,2014-2018 CLE,BOS,L (-3),4,13,0.308,0,4,0,6,1,11
32,2014-2018 CLE,BOS,W (+13),15,27,0.556,1,6,0.167,5,1,34
32,2014-2018 CLE,BOS,W (+33),13,18,0.722,4,7,0.571,8,1,35
32,2014-2018 CLE,GSW,L (-22),9,20,0.45,2,6,0.333,15,2,28
32,2014-2018 CLE,GSW,L (-19),12,18,0.667,1,3,0.333,11,1,29
32,2014-2018 CLE,GSW,L (-5),15,27,0.556,4,9,0.444,11,1,39
32,2014-2018 CLE,GSW,W (+21),11,22,0.5,3,8,0.375,10,0,31
32,2014-2018 CLE,GSW,L (-9),19,30,0.633,2,5,0.4,13,1,41
31,2014-2018 CLE,NYK,W (+29),9,14,0.643,0,3,0,11,1,19
31,2014-2018 CLE,TOR,W (+3),7,16,0.438,2,6,0.333,8,0,21
31,2014-2018 CLE,ORL,W (+6),7,16,0.438,2,6,0.333,6,1,23
31,2014-2018 CLE,HOU,W (+8),6,12,0.5,1,3,0.333,13,0,19
31,2014-2018 CLE,BOS,W (+6),12,22,0.545,1,4,0.25,7,0,30
31,2014-2018 CLE,PHI,W (+1),9,23,0.391,1,5,0.2,8,1,25
31,2014-2018 CLE,ATL,L (-4),8,17,0.471,2,5,0.4,9,0,23
31,2014-2018 CLE,WAS,W (+11),9,18,0.5,3,4,0.75,10,2,27
31,2014-2018 CLE,CHO,W (+7),8,21,0.381,2,5,0.4,8,1,19
31,2014-2018 CLE,TOR,W (+4),10,15,0.667,2,5,0.4,9,0,28
31,2014-2018 CLE,DET,W (+23),9,14,0.643,1,3,0.333,3,1,21
31,2014-2018 CLE,POR,W (+12),11,21,0.524,2,3,0.667,10,0,31
31,2014-2018 CLE,DAL,W (+38),6,13,0.462,2,5,0.4,5,0,19
31,2014-2018 CLE,PHI,W (+4),9,19,0.474,1,4,0.25,10,0,26
31,2014-2018 CLE,MIL,L (-17),8,16,0.5,3,8,0.375,4,0,22
31,2014-2018 CLE,LAC,L (-19),5,14,0.357,0,2,0,5,0,16
31,2014-2018 CLE,TOR,W (+4),12,26,0.462,2,7,0.286,8,0,34
31,2014-2018 CLE,NYK,W (+32),7,10,0.7,1,2,0.5,6,2,25
31,2014-2018 CLE,MIA,W (+30),12,22,0.545,1,3,0.333,8,0,27
31,2014-2018 CLE,CHO,W (+11),17,24,0.708,5,10,0.5,9,1,44
31,2014-2018 CLE,MEM,W (+17),9,17,0.529,0,4,0,6,0,23
31,2014-2018 CLE,LAL,W (+11),9,18,0.5,2,5,0.4,7,2,26
31,2014-2018 CLE,MIL,W (+6),12,25,0.48,5,9,0.556,12,1,34
31,2014-2018 CLE,MIL,W (+11),12,24,0.5,4,7,0.571,9,0,29
31,2014-2018 CLE,BRK,W (+20),7,16,0.438,0,3,0,4,0,19
31,2014-2018 CLE,GSW,W (+1),12,22,0.545,4,8,0.5,13,1,31
31,2014-2018 CLE,BOS,W (+6),9,18,0.5,2,6,0.333,8,3,23
32,2014-2018 CLE,CHO,W (+12),12,25,0.48,4,8,0.5,6,0,32
32,2014-2018 CLE,NOP,W (+8),9,21,0.429,0,4,0,7,1,26
32,2014-2018 CLE,CHI,L (-12),12,21,0.571,1,2,0.5,8,0,31
32,2014-2018 CLE,BRK,W (+8),14,20,0.7,0,1,0,9,0,36
32,2014-2018 CLE,PHO,W (+4),11,17,0.647,2,4,0.5,8,0,28
32,2014-2018 CLE,UTA,L (-8),10,20,0.5,3,6,0.5,6,0,29
32,2014-2018 CLE,POR,L (-16),5,12,0.417,2,5,0.4,11,1,20
32,2014-2018 CLE,SAC,W (+12),6,12,0.5,1,4,0.25,2,1,16
32,2014-2018 CLE,GSW,L (-35),6,18,0.333,1,4,0.25,8,0,20
32,2014-2018 CLE,PHO,W (+15),8,12,0.667,0,2,0,9,2,21
32,2014-2018 CLE,SAS,L (-3),11,16,0.688,2,5,0.4,6,0,29
32,2014-2018 CLE,NOP,L (-2),11,21,0.524,1,4,0.25,10,0,26
32,2014-2018 CLE,SAC,L (-4),8,15,0.533,0,3,0,13,1,24
32,2014-2018 CLE,BRK,W (+8),13,18,0.722,1,3,0.333,5,0,31
32,2014-2018 CLE,OKC,W (+16),9,18,0.5,0,2,0,14,0,25
32,2014-2018 CLE,DAL,L (-7),9,19,0.474,1,6,0.167,9,0,23
32,2014-2018 CLE,MIN,W (+28),11,14,0.786,1,2,0.5,8,1,27
32,2014-2018 CLE,NYK,W (+7),12,20,0.6,4,8,0.5,5,0,32
32,2014-2018 CLE,WAS,W (+5),12,18,0.667,6,8,0.75,7,2,32
32,2014-2018 CLE,IND,W (+15),9,16,0.563,1,2,0.5,6,1,25
32,2014-2018 CLE,OKC,L (-9),8,19,0.421,1,4,0.25,5,2,18
32,2014-2018 CLE,DEN,W (+16),11,16,0.688,1,1,1,5,0,27
32,2014-2018 CLE,MIN,W (+8),10,14,0.714,2,3,0.667,8,0,25
32,2014-2018 CLE,IND,W (+9),12,17,0.706,4,5,0.8,5,0,31
32,2014-2018 CLE,NYK,W (+15),7,11,0.636,0,2,0,13,3,18
32,2014-2018 CLE,MIL,W (+7),8,12,0.667,1,2,0.5,10,0,24
32,2014-2018 CLE,BOS,L (-4),10,21,0.476,3,6,0.5,13,1,28
32,2014-2018 CLE,ATL,W (+5),14,27,0.519,6,10,0.6,13,0,38
32,2014-2018 CLE,MIA,L (-8),11,22,0.5,2,5,0.4,17,1,30
32,2014-2018 CLE,DET,L (-5),12,22,0.545,0,6,0,14,0,29
32,2014-2018 CLE,ORL,W (+12),8,14,0.571,2,5,0.4,12,1,24
32,2014-2018 CLE,HOU,L (-5),12,20,0.6,4,11,0.364,7,0,30
32,2014-2018 CLE,DET,W (+32),6,12,0.5,0,2,0,11,0,16
32,2014-2018 CLE,UTA,W (+8),13,20,0.65,2,5,0.4,10,1,33
32,2014-2018 CLE,LAL,W (+5),13,22,0.591,3,8,0.375,6,0,34
32,2014-2018 CLE,DEN,L (-13),8,12,0.667,0,2,0,6,0,18
32,2014-2018 CLE,CHO,W (+7),9,14,0.643,0,1,0,9,2,32
32,2014-2018 CLE,WAS,L (-12),10,21,0.476,0,4,0,11,1,24
32,2014-2018 CLE,SAS,L (-29),7,17,0.412,0,3,0,8,0,17
32,2014-2018 CLE,CHI,L (-6),11,20,0.55,1,7,0.143,10,1,26
32,2014-2018 CLE,PHI,W (+17),14,22,0.636,3,7,0.429,9,0,34
32,2014-2018 CLE,IND,W (+5),16,29,0.552,3,10,0.3,14,1,41
32,2014-2018 CLE,ORL,W (+20),7,14,0.5,0,3,0,11,1,18
32,2014-2018 CLE,BOS,W (+23),14,22,0.636,1,4,0.25,10,2,36
32,2014-2018 CLE,ATL,L (-14),12,15,0.8,1,2,0.5,8,0,27
32,2014-2018 CLE,ATL,L (-1),11,21,0.524,1,3,0.333,16,0,32
33,2014-2018 CLE,IND,L (-18),7,17,0.412,0,4,0,10,1,24
33,2014-2018 CLE,IND,W (+3),17,24,0.708,2,5,0.4,12,0,46
33,2014-2018 CLE,IND,L (-2),10,22,0.455,4,7,0.571,12,1,28
33,2014-2018 CLE,IND,W (+4),12,22,0.545,0,5,0,13,2,32
33,2014-2018 CLE,IND,W (+3),14,24,0.583,1,4,0.25,10,1,44
33,2014-2018 CLE,IND,L (-34),7,16,0.438,3,6,0.5,5,2,22
33,2014-2018 CLE,IND,W (+4),16,25,0.64,2,3,0.667,8,0,45
33,2014-2018 CLE,TOR,W (+1),12,30,0.4,1,8,0.125,11,2,26
33,2014-2018 CLE,TOR,W (+18),19,28,0.679,1,3,0.333,8,0,43
33,2014-2018 CLE,TOR,W (+2),14,26,0.538,1,4,0.25,6,1,38
33,2014-2018 CLE,TOR,W (+35),12,19,0.632,0,3,0,8,1,29
33,2014-2018 CLE,BOS,L (-25),5,16,0.313,0,5,0,7,2,15
33,2014-2018 CLE,BOS,L (-13),16,29,0.552,5,11,0.455,10,1,42
33,2014-2018 CLE,BOS,W (+30),8,12,0.667,3,3,1,5,2,27
33,2014-2018 CLE,BOS,W (+9),17,28,0.607,1,4,0.25,5,0,44
33,2014-2018 CLE,BOS,L (-13),11,22,0.5,1,6,0.167,10,0,26
33,2014-2018 CLE,BOS,W (+10),17,33,0.515,5,7,0.714,11,1,46
33,2014-2018 CLE,BOS,W (+8),12,24,0.5,3,8,0.375,15,2,35
33,2014-2018 CLE,GSW,L (-10),19,32,0.594,3,7,0.429,8,1,51
33,2014-2018 CLE,GSW,L (-19),10,20,0.5,2,4,0.5,9,0,29
33,2014-2018 CLE,GSW,L (-8),13,28,0.464,1,6,0.167,10,2,33
33,2014-2018 CLE,GSW,L (-23),7,13,0.538,0,1,0,7,1,23
32,2014-2018 CLE,BOS,W (+3),12,19,0.632,1,5,0.2,16,2,29
32,2014-2018 CLE,MIL,W (+19),10,16,0.625,2,4,0.5,5,1,24
32,2014-2018 CLE,ORL,L (-21),8,15,0.533,1,3,0.333,4,1,22
32,2014-2018 CLE,CHI,W (+7),13,20,0.65,4,6,0.667,2,0,34
32,2014-2018 CLE,BRK,L (-5),12,20,0.6,1,2,0.5,10,4,29
32,2014-2018 CLE,NOP,L (-22),6,11,0.545,1,3,0.333,3,0,18
32,2014-2018 CLE,NYK,L (-19),7,15,0.467,1,4,0.25,10,0,16
32,2014-2018 CLE,IND,L (-17),14,22,0.636,1,5,0.2,6,1,33
32,2014-2018 CLE,WAS,W (+8),23,34,0.676,2,4,0.5,11,2,57
32,2014-2018 CLE,ATL,L (-2),10,17,0.588,0,3,0,5,2,26
32,2014-2018 CLE,MIL,W (+5),10,20,0.5,2,4,0.5,8,0,30
32,2014-2018 CLE,HOU,L (-4),15,24,0.625,1,4,0.25,4,1,33
32,2014-2018 CLE,DAL,W (+7),6,14,0.429,1,3,0.333,11,1,19
32,2014-2018 CLE,NYK,W (+3),7,14,0.5,2,4,0.5,9,3,23
32,2014-2018 CLE,CHO,W (+8),12,24,0.5,4,7,0.571,6,1,31
32,2014-2018 CLE,LAC,W (+5),17,26,0.654,4,9,0.444,14,0,39
32,2014-2018 CLE,DET,W (+28),7,14,0.5,3,5,0.6,2,1,18
32,2014-2018 CLE,BRK,W (+10),11,17,0.647,4,7,0.571,6,0,33
32,2014-2018 CLE,CHO,W (+1),10,20,0.5,3,8,0.375,16,3,27
32,2014-2018 CLE,PHI,W (+22),12,23,0.522,3,7,0.429,14,0,30
32,2014-2018 CLE,MIA,W (+11),10,16,0.625,1,3,0.333,12,1,21
32,2014-2018 CLE,ATL,W (+7),8,11,0.727,3,6,0.5,6,2,24
32,2014-2018 CLE,MEM,W (+5),13,22,0.591,0,3,0,2,1,34
32,2014-2018 CLE,CHI,W (+22),9,15,0.6,2,4,0.5,7,0,23
32,2014-2018 CLE,SAC,W (+6),12,18,0.667,5,8,0.625,11,2,32
32,2014-2018 CLE,IND,L (-4),12,22,0.545,1,5,0.2,10,2,29
32,2014-2018 CLE,PHI,W (+7),9,23,0.391,2,6,0.333,13,0,30
32,2014-2018 CLE,ATL,W (+9),11,13,0.846,2,3,0.667,7,0,25
32,2014-2018 CLE,LAL,W (+9),8,18,0.444,1,6,0.167,12,2,25
32,2014-2018 CLE,UTA,W (+9),9,15,0.6,1,4,0.25,11,0,29
32,2014-2018 CLE,WAS,W (+7),8,23,0.348,2,7,0.286,11,1,20
32,2014-2018 CLE,MIL,L (-3),14,22,0.636,6,11,0.545,1,2,39
32,2014-2018 CLE,CHI,W (+3),12,23,0.522,2,5,0.4,6,0,34
32,2014-2018 CLE,GSW,L (-7),7,18,0.389,2,7,0.286,6,0,20
32,2014-2018 CLE,SAC,L (-14),6,17,0.353,0,2,0,10,0,16
33,2014-2018 CLE,UTA,L (-3),12,22,0.545,1,7,0.143,8,1,29
33,2014-2018 CLE,POR,W (+17),10,17,0.588,0,2,0,6,1,24
33,2014-2018 CLE,BOS,L (-14),8,15,0.533,0,2,0,7,1,19
33,2014-2018 CLE,ORL,W (+4),12,23,0.522,4,7,0.571,10,1,33
33,2014-2018 CLE,MIN,L (-28),4,8,0.5,1,3,0.333,8,2,10
33,2014-2018 CLE,TOR,L (-34),9,16,0.563,0,1,0,3,2,26
33,2014-2018 CLE,IND,L (-2),11,25,0.44,2,9,0.222,8,1,27
33,2014-2018 CLE,GSW,L (-10),12,18,0.667,0,2,0,8,4,32
33,2014-2018 CLE,ORL,W (+1),7,16,0.438,0,4,0,5,0,16
33,2014-2018 CLE,OKC,L (-24),8,17,0.471,0,4,0,3,1,18
33,2014-2018 CLE,SAS,L (-12),10,23,0.435,2,6,0.333,9,1,28
33,2014-2018 CLE,IND,W (+7),11,17,0.647,0,2,0,10,1,26
33,2014-2018 CLE,DET,W (+17),8,15,0.533,1,4,0.25,8,0,25
33,2014-2018 CLE,DET,L (-11),9,20,0.45,2,7,0.286,6,1,21
33,2014-2018 CLE,MIA,W (+2),8,21,0.381,1,6,0.167,11,0,24
33,2014-2018 CLE,HOU,L (-32),3,10,0.3,1,2,0.5,9,1,11
33,2014-2018 CLE,ORL,L (-18),10,17,0.588,2,4,0.5,10,0,25
33,2014-2018 CLE,MIN,W (+2),16,22,0.727,5,7,0.714,10,1,37
33,2014-2018 CLE,ATL,W (+16),8,20,0.4,0,3,0,12,0,22
33,2014-2018 CLE,BOS,W (+22),9,20,0.45,2,5,0.4,8,1,24
33,2014-2018 CLE,OKC,W (+8),14,23,0.609,3,7,0.429,8,1,37
33,2014-2018 CLE,WAS,L (-7),13,18,0.722,1,4,0.25,9,0,32
33,2014-2018 CLE,MEM,W (+23),7,16,0.438,0,2,0,14,0,18
33,2014-2018 CLE,SAS,L (-16),14,25,0.56,2,5,0.4,13,0,33
33,2014-2018 CLE,BRK,W (+6),13,25,0.52,2,4,0.5,12,0,31
33,2014-2018 CLE,PHI,L (-11),12,24,0.5,2,6,0.333,9,0,30
33,2014-2018 CLE,DEN,L (-9),8,19,0.421,1,4,0.25,10,0,25
33,2014-2018 CLE,DET,W (+22),11,17,0.647,5,7,0.714,7,0,31
33,2014-2018 CLE,DEN,W (+5),15,25,0.6,5,8,0.625,8,0,39
33,2014-2018 CLE,LAC,L (-14),11,20,0.55,3,7,0.429,10,3,25
33,2014-2018 CLE,LAL,L (-14),9,20,0.45,2,8,0.25,10,1,24
33,2014-2018 CLE,PHO,W (+22),7,14,0.5,1,2,0.5,12,2,28
33,2014-2018 CLE,POR,L (-8),15,25,0.6,1,4,0.25,14,3,35
33,2014-2018 CLE,CHI,W (+5),15,26,0.577,2,8,0.25,13,2,33
33,2014-2018 CLE,MIL,W (+7),16,29,0.552,3,7,0.429,12,1,40
33,2014-2018 CLE,TOR,W (+3),11,19,0.579,1,3,0.333,7,0,35
33,2014-2018 CLE,PHO,W (+25),11,16,0.688,1,4,0.25,6,1,27
33,2014-2018 CLE,BRK,W (+7),14,19,0.737,1,4,0.25,10,0,37
33,2014-2018 CLE,MIA,L (-19),7,18,0.389,0,4,0,6,0,18
33,2014-2018 CLE,CHO,W (+13),14,26,0.538,4,8,0.5,10,0,41
33,2014-2018 CLE,NOP,W (+5),12,24,0.5,0,4,0,9,0,27
33,2014-2018 CLE,DAL,W (+11),5,21,0.238,2,3,0.667,13,0,16
33,2014-2018 CLE,TOR,W (+6),8,14,0.571,3,6,0.5,10,0,27
33,2014-2018 CLE,WAS,W (+4),12,20,0.6,2,7,0.286,9,0,33
33,2014-2018 CLE,PHI,L (-2),17,29,0.586,4,8,0.5,11,1,44
33,2014-2018 CLE,NYK,W (+14),7,16,0.438,3,6,0.5,6,0,26
33,2014-2018 CLE,NYK,L (-12),4,9,0.444,0,2,0,5,0,10
33,2018-Now LAL,POR,L (-9),9,16,0.563,0,4,0,12,0,26
33,2018-Now LAL,HOU,L (-9),9,22,0.409,1,7,0.143,5,1,24
33,2018-Now LAL,SAS,L (-1),11,25,0.44,2,8,0.25,8,1,32
33,2018-Now LAL,PHO,W (+18),7,16,0.438,1,5,0.2,7,0,19
33,2018-Now LAL,DEN,W (+7),10,17,0.588,1,5,0.2,11,0,28
33,2018-Now LAL,SAS,L (-4),13,21,0.619,2,6,0.333,11,0,35
33,2018-Now LAL,MIN,L (-4),11,23,0.478,3,6,0.5,10,2,29
33,2018-Now LAL,DAL,W (+1),11,19,0.579,2,3,0.667,5,0,29
33,2018-Now LAL,POR,W (+4),9,20,0.45,1,5,0.2,5,2,28
33,2018-Now LAL,TOR,L (-14),6,12,0.5,2,3,0.667,2,1,18
33,2018-Now LAL,MIN,W (+4),10,21,0.476,3,9,0.333,11,2,24
33,2018-Now LAL,SAC,W (+15),10,18,0.556,3,6,0.5,7,0,25
33,2018-Now LAL,ATL,W (+1),10,20,0.5,3,9,0.333,7,0,26
33,2018-Now LAL,POR,W (+9),13,19,0.684,5,6,0.833,10,3,44
33,2018-Now LAL,ORL,L (-13),8,19,0.421,3,6,0.5,4,1,22
33,2018-Now LAL,MIA,W (+16),19,31,0.613,6,8,0.75,8,1,51
33,2018-Now LAL,CLE,W (+4),11,20,0.55,2,6,0.333,14,1,32
33,2018-Now LAL,UTA,W (+7),8,17,0.471,2,5,0.4,10,1,22
33,2018-Now LAL,ORL,L (-4),8,14,0.571,2,7,0.286,4,1,24
33,2018-Now LAL,DEN,L (-32),5,15,0.333,0,4,0,7,2,14
33,2018-Now LAL,IND,W (+8),15,27,0.556,2,7,0.286,9,0,38
33,2018-Now LAL,DAL,W (+11),12,21,0.571,2,4,0.5,5,1,28
33,2018-Now LAL,PHO,W (+24),9,17,0.529,1,5,0.2,6,1,22
33,2018-Now LAL,SAS,W (+8),15,24,0.625,3,7,0.429,5,0,42
33,2018-Now LAL,SAS,L (-13),13,28,0.464,3,8,0.375,8,0,35
33,2018-Now LAL,MEM,W (+23),9,18,0.5,0,3,0,8,0,20
33,2018-Now LAL,MIA,W (+3),10,19,0.526,4,7,0.571,9,0,28
33,2018-Now LAL,HOU,L (-15),12,18,0.667,3,6,0.5,5,0,29
33,2018-Now LAL,CHO,W (+28),7,15,0.467,2,6,0.333,12,0,24
33,2018-Now LAL,WAS,L (-18),5,16,0.313,0,2,0,6,1,13
33,2018-Now LAL,BRK,L (-5),13,23,0.565,2,7,0.286,13,1,36
33,2018-Now LAL,NOP,W (+8),8,20,0.4,0,4,0,12,0,22
33,2018-Now LAL,MEM,L (-8),8,14,0.571,2,5,0.4,14,1,22
33,2018-Now LAL,GSW,W (+26),6,11,0.545,0,2,0,13,0,17
34,2018-Now LAL,LAC,W (+3),9,22,0.409,1,6,0.167,14,0,24
34,2018-Now LAL,IND,L (-42),7,12,0.583,2,5,0.4,7,0,18
34,2018-Now LAL,BOS,W (+1),11,21,0.524,5,10,0.5,12,0,28
34,2018-Now LAL,ATL,L (-4),8,20,0.4,3,10,0.3,11,1,28
34,2018-Now LAL,HOU,W (+5),11,23,0.478,0,4,0,12,1,29
34,2018-Now LAL,NOP,L (-13),11,17,0.647,3,6,0.5,7,1,27
34,2018-Now LAL,MEM,L (-5),8,23,0.348,0,4,0,12,0,24
34,2018-Now LAL,NOP,W (+6),13,24,0.542,4,9,0.444,6,1,33
34,2018-Now LAL,MIL,L (-11),10,19,0.526,3,8,0.375,7,0,31
34,2018-Now LAL,PHO,L (-9),10,21,0.476,4,9,0.444,9,0,27
34,2018-Now LAL,LAC,L (-8),9,18,0.5,1,6,0.167,8,1,27
34,2018-Now LAL,DEN,L (-16),13,22,0.591,2,7,0.286,7,1,31
34,2018-Now LAL,BOS,L (-13),13,23,0.565,1,5,0.2,10,0,30
34,2018-Now LAL,CHI,W (+16),15,23,0.652,2,4,0.5,10,0,36
34,2018-Now LAL,TOR,L (-13),12,23,0.522,1,5,0.2,4,0,29
34,2018-Now LAL,NYK,L (-1),11,26,0.423,0,6,0,6,1,33
34,2018-Now LAL,BRK,L (-5),8,25,0.32,1,7,0.143,9,1,25
34,2018-Now LAL,SAC,W (+5),9,22,0.409,3,6,0.5,11,1,29
34,2018-Now LAL,WAS,W (+18),11,20,0.55,1,6,0.167,7,0,23
34,2018-Now LAL,CHO,W (+14),11,19,0.579,4,7,0.571,3,0,27
35,2018-Now LAL,POR,L (-7),9,20,0.45,1,5,0.2,17,0,23
35,2018-Now LAL,POR,W (+23),4,11,0.364,0,3,0,6,0,10
35,2018-Now LAL,POR,W (+8),11,18,0.611,4,8,0.5,12,0,38
35,2018-Now LAL,POR,W (+20),10,12,0.833,4,5,0.8,6,1,30
35,2018-Now LAL,POR,W (+9),14,19,0.737,4,7,0.571,10,1,36
35,2018-Now LAL,HOU,L (-15),7,15,0.467,2,7,0.286,8,2,20
35,2018-Now LAL,HOU,W (+8),10,17,0.588,1,5,0.2,11,2,28
35,2018-Now LAL,HOU,W (+10),13,23,0.565,4,9,0.444,7,4,36
35,2018-Now LAL,HOU,W (+10),7,17,0.412,0,5,0,15,0,16
35,2018-Now LAL,HOU,W (+23),9,18,0.5,3,8,0.375,11,1,29
35,2018-Now LAL,DEN,W (+12),6,11,0.545,0,2,0,6,0,15
35,2018-Now LAL,DEN,W (+2),10,20,0.5,3,8,0.375,11,2,26
35,2018-Now LAL,DEN,L (-8),14,23,0.609,1,4,0.25,10,2,30
35,2018-Now LAL,DEN,W (+6),7,18,0.389,1,3,0.333,9,0,26
35,2018-Now LAL,DEN,W (+10),15,25,0.6,1,4,0.25,16,0,38
35,2018-Now LAL,MIA,W (+18),9,17,0.529,2,4,0.5,13,0,25
35,2018-Now LAL,MIA,W (+10),14,25,0.56,3,8,0.375,9,1,33
35,2018-Now LAL,MIA,L (-11),9,16,0.563,1,5,0.2,10,2,25
35,2018-Now LAL,MIA,W (+6),8,16,0.5,2,5,0.4,12,0,28
35,2018-Now LAL,MIA,L (-3),15,21,0.714,6,9,0.667,13,0,40
35,2018-Now LAL,MIA,W (+13),13,20,0.65,1,5,0.2,14,0,28
34,2018-Now LAL,LAC,L (-10),7,19,0.368,1,5,0.2,10,1,18
34,2018-Now LAL,UTA,W (+9),12,22,0.545,1,4,0.25,7,0,32
34,2018-Now LAL,CHO,W (+19),7,14,0.5,1,3,0.333,6,0,20
34,2018-Now LAL,MEM,W (+29),8,15,0.533,2,5,0.4,2,1,23
34,2018-Now LAL,DAL,W (+9),13,23,0.565,4,9,0.444,12,1,39
34,2018-Now LAL,SAS,W (+7),8,23,0.348,0,6,0,11,1,21
34,2018-Now LAL,CHI,W (+6),10,19,0.526,2,6,0.333,10,1,30
34,2018-Now LAL,MIA,W (+15),10,19,0.526,4,7,0.571,4,0,25
34,2018-Now LAL,TOR,L (-9),5,15,0.333,0,2,0,13,1,13
34,2018-Now LAL,PHO,W (+8),8,18,0.444,1,4,0.25,7,0,19
34,2018-Now LAL,GSW,W (+26),11,21,0.524,1,5,0.2,6,1,23
34,2018-Now LAL,SAC,W (+2),10,20,0.5,2,7,0.286,4,0,29
34,2018-Now LAL,ATL,W (+21),13,21,0.619,6,10,0.6,7,1,33
34,2018-Now LAL,OKC,W (+5),10,21,0.476,2,5,0.4,11,0,25
34,2018-Now LAL,OKC,W (+3),9,20,0.45,1,3,0.333,6,1,23
34,2018-Now LAL,SAS,W (+10),13,24,0.542,4,7,0.571,4,1,33
34,2018-Now LAL,NOP,W (+4),10,18,0.556,2,6,0.333,5,1,29
34,2018-Now LAL,WAS,W (+22),9,16,0.563,4,8,0.5,3,1,23
34,2018-Now LAL,DAL,L (-14),11,20,0.55,0,5,0,9,0,25
34,2018-Now LAL,DEN,W (+9),9,18,0.5,1,4,0.25,6,0,25
34,2018-Now LAL,UTA,W (+25),9,21,0.429,1,6,0.167,4,0,20
34,2018-Now LAL,POR,W (+23),11,23,0.478,4,9,0.444,7,1,31
34,2018-Now LAL,MIN,W (+17),12,20,0.6,6,8,0.75,4,0,32
34,2018-Now LAL,ORL,W (+9),11,24,0.458,1,6,0.167,11,0,25
34,2018-Now LAL,MIA,W (+3),11,22,0.5,4,8,0.5,9,0,28
34,2018-Now LAL,ATL,W (+5),12,21,0.571,4,10,0.4,13,3,32
34,2018-Now LAL,IND,L (-3),8,20,0.4,0,6,0,9,0,20
34,2018-Now LAL,MIL,L (-7),8,19,0.421,3,7,0.429,12,0,21
34,2018-Now LAL,LAC,L (-5),9,24,0.375,2,12,0.167,9,1,23
34,2018-Now LAL,POR,W (+8),7,15,0.467,1,4,0.25,7,1,21
34,2018-Now LAL,DAL,W (+13),3,10,0.3,2,4,0.5,6,0,13
35,2018-Now LAL,PHO,W (+10),11,21,0.524,1,4,0.25,13,1,31
35,2018-Now LAL,NOP,W (+10),7,17,0.412,1,3,0.333,8,0,17
35,2018-Now LAL,DET,W (+7),10,21,0.476,0,3,0,14,0,21
35,2018-Now LAL,NYK,W (+30),9,19,0.474,6,12,0.5,5,1,31
35,2018-Now LAL,DAL,W (+15),14,25,0.56,3,6,0.5,16,0,35
35,2018-Now LAL,CLE,W (+29),12,16,0.75,1,3,0.333,2,0,31
35,2018-Now LAL,ORL,L (-1),7,19,0.368,2,9,0.222,3,0,19
35,2018-Now LAL,HOU,W (+9),13,25,0.52,2,7,0.286,5,0,31
35,2018-Now LAL,BOS,L (-32),5,12,0.417,0,2,0,7,0,15
35,2018-Now LAL,NYK,W (+8),9,16,0.563,2,5,0.4,6,0,21
35,2018-Now LAL,BRK,W (+15),11,19,0.579,3,6,0.5,11,1,27
35,2018-Now LAL,PHI,L (-17),9,18,0.5,1,6,0.167,7,0,29
35,2018-Now LAL,POR,L (-8),9,22,0.409,3,8,0.375,8,1,22
35,2018-Now LAL,SAC,W (+16),6,15,0.4,1,4,0.25,10,0,15
35,2018-Now LAL,SAS,W (+27),12,20,0.6,6,9,0.667,7,0,36
35,2018-Now LAL,HOU,L (-10),8,19,0.421,1,8,0.125,9,0,18
35,2018-Now LAL,GSW,W (+5),7,17,0.412,3,8,0.375,8,0,22
35,2018-Now LAL,PHO,W (+25),6,16,0.375,3,6,0.5,8,0,17
35,2018-Now LAL,DEN,W (+4),15,29,0.517,1,7,0.143,12,0,32
35,2018-Now LAL,MEM,W (+12),10,17,0.588,1,4,0.25,3,2,32
35,2018-Now LAL,BOS,W (+2),9,19,0.474,4,10,0.4,8,0,29
35,2018-Now LAL,NOP,W (+9),17,27,0.63,5,11,0.455,8,1,40
35,2018-Now LAL,MEM,L (-17),8,18,0.444,2,8,0.25,8,1,19
35,2018-Now LAL,NOP,W (+8),14,21,0.667,3,5,0.6,12,0,34
35,2018-Now LAL,PHI,W (+13),9,16,0.563,2,5,0.4,7,2,22
35,2018-Now LAL,MIL,W (+10),12,21,0.571,1,7,0.143,8,0,37
35,2018-Now LAL,LAC,W (+9),7,17,0.412,2,6,0.333,8,2,28
35,2018-Now LAL,BRK,L (-2),12,22,0.545,4,9,0.444,12,0,29
35,2018-Now LAL,LAC,W (+2),6,19,0.316,2,7,0.286,11,1,16
35,2018-Now LAL,TOR,L (-15),7,15,0.467,2,5,0.4,10,1,20
35,2018-Now LAL,UTA,W (+8),9,16,0.563,2,5,0.4,8,1,22
35,2018-Now LAL,OKC,L (-19),7,19,0.368,0,5,0,11,0,19
35,2018-Now LAL,IND,L (-5),13,24,0.542,2,6,0.333,8,1,31
35,2018-Now LAL,DEN,W (+3),9,21,0.429,5,11,0.455,1,2,29
35,2018-Now LAL,SAC,L (-14),6,13,0.462,2,5,0.4,3,0,17
36,2018-Now LAL,PHO,L (-9),6,13,0.462,3,7,0.429,7,0,18
36,2018-Now LAL,PHO,W (+7),9,16,0.563,4,9,0.444,4,0,23
36,2018-Now LAL,PHO,W (+14),9,19,0.474,1,5,0.2,6,0,21
36,2018-Now LAL,PHO,L (-8),10,21,0.476,1,7,0.143,12,0,25
36,2018-Now LAL,PHO,L (-13),11,26,0.423,3,10,0.3,9,2,29
35,2018-Now LAL,LAC,L (-7),7,17,0.412,3,8,0.375,5,0,22
35,2018-Now LAL,DAL,W (+23),8,18,0.444,3,8,0.375,7,0,22
35,2018-Now LAL,MIN,W (+36),6,13,0.462,1,5,0.2,9,0,18
35,2018-Now LAL,POR,L (-8),11,20,0.55,3,7,0.429,9,1,29
36,2018-Now LAL,SAS,W (+14),11,23,0.478,1,3,0.333,5,1,26
36,2018-Now LAL,SAS,W (+6),8,22,0.364,3,7,0.429,11,0,26
36,2018-Now LAL,MEM,W (+14),9,16,0.563,3,6,0.5,13,0,22
36,2018-Now LAL,MEM,W (+2),11,20,0.55,1,4,0.25,12,1,26
36,2018-Now LAL,SAS,L (-9),8,15,0.533,4,7,0.571,6,0,27
36,2018-Now LAL,CHI,W (+2),11,21,0.524,0,5,0,7,0,28
36,2018-Now LAL,HOU,W (+18),7,15,0.467,1,6,0.167,7,1,18
36,2018-Now LAL,HOU,W (+17),10,20,0.5,4,9,0.444,8,1,26
36,2018-Now LAL,OKC,W (+29),9,20,0.45,5,8,0.625,6,0,26
36,2018-Now LAL,NOP,W (+17),6,11,0.545,2,6,0.333,8,0,21
36,2018-Now LAL,GSW,L (-2),6,16,0.375,2,7,0.286,5,0,19
36,2018-Now LAL,MIL,W (+7),13,25,0.52,6,10,0.6,6,1,34
36,2018-Now LAL,CHI,W (+11),6,16,0.375,0,2,0,11,0,17
36,2018-Now LAL,CLE,W (+7),19,26,0.731,7,11,0.636,8,2,46
36,2018-Now LAL,PHI,L (-1),12,22,0.545,2,5,0.4,6,0,34
36,2018-Now LAL,DET,L (-15),8,19,0.421,4,8,0.5,7,0,22
36,2018-Now LAL,BOS,W (+1),7,17,0.412,4,11,0.364,7,1,21
36,2018-Now LAL,ATL,W (+8),5,12,0.417,2,6,0.333,7,1,21
36,2018-Now LAL,DEN,W (+21),12,19,0.632,2,5,0.4,10,1,27
36,2018-Now LAL,DET,W (+6),13,26,0.5,3,7,0.429,5,0,33
36,2018-Now LAL,OKC,W (+7),11,22,0.5,2,10,0.2,14,2,28
36,2018-Now LAL,OKC,W (+1),9,20,0.45,3,9,0.333,6,0,25
36,2018-Now LAL,MEM,W (+10),9,15,0.6,1,4,0.25,9,0,28
36,2018-Now LAL,DEN,L (-17),9,18,0.5,0,5,0,10,1,22
36,2018-Now LAL,MIN,W (+8),13,20,0.65,1,4,0.25,13,1,30
36,2018-Now LAL,BRK,L (-11),14,23,0.609,1,6,0.167,8,0,32
36,2018-Now LAL,MIA,L (-2),7,21,0.333,1,8,0.125,9,1,19
36,2018-Now LAL,WAS,L (-3),14,29,0.483,2,10,0.2,9,0,31
36,2018-Now LAL,UTA,L (-25),7,13,0.538,1,5,0.2,4,0,19
36,2018-Now LAL,POR,W (+9),11,21,0.524,2,5,0.4,11,3,28
36,2018-Now LAL,GSW,W (+26),7,12,0.583,3,5,0.6,6,2,19
36,2018-Now LAL,PHO,L (-10),16,24,0.667,3,8,0.375,5,1,38
36,2018-Now LAL,IND,W (+5),5,13,0.385,1,4,0.25,3,0,18
36,2018-Now LAL,GSW,W (+31),8,13,0.615,2,4,0.5,10,0,22
36,2018-Now LAL,MIN,W (+16),8,14,0.571,4,7,0.571,12,1,25
36,2018-Now LAL,CHO,W (+11),14,23,0.609,4,9,0.444,8,1,37
36,2018-Now LAL,ATL,L (-5),3,6,0.5,1,2,0.5,1,0,10
36,2018-Now LAL,SAC,L (-4),6,12,0.5,1,5,0.2,8,1,16
36,2018-Now LAL,TOR,L (-7),6,11,0.545,2,5,0.4,7,0,19
36,2018-Now LAL,IND,W (+7),11,22,0.5,1,4,0.25,7,0,24
36,2018-Now LAL,NOP,W (+12),11,22,0.5,2,5,0.4,1,0,25
36,2018-Now LAL,GSW,L (-7),13,23,0.565,5,11,0.455,11,1,34
36,2018-Now LAL,PHO,L (-10),8,18,0.444,5,9,0.556,2,0,25
36,2018-Now LAL,MEM,W (+3),7,19,0.368,4,9,0.444,6,2,19
36,2018-Now LAL,CLE,W (+12),10,22,0.455,1,10,0.1,3,1,26
36,2018-Now LAL,HOU,W (+10),6,19,0.316,0,6,0,7,1,15
36,2018-Now LAL,HOU,W (+2),13,21,0.619,2,4,0.5,4,0,30
36,2018-Now LAL,BOS,L (-22),10,16,0.625,3,7,0.429,6,0,23
36,2018-Now LAL,DET,W (+5),4,7,0.571,1,3,0.333,1,0,10
36,2018-Now LAL,IND,W (+8),13,29,0.448,5,12,0.417,5,2,39
36,2018-Now LAL,SAC,L (-4),10,25,0.4,2,13,0.154,7,0,30
36,2018-Now LAL,DET,W (+4),12,20,0.6,4,9,0.444,5,1,33
36,2018-Now LAL,LAC,L (-4),9,23,0.391,2,8,0.25,11,0,23
36,2018-Now LAL,BOS,W (+15),13,19,0.684,2,5,0.4,4,0,30
36,2018-Now LAL,MEM,L (-13),7,15,0.467,1,6,0.167,10,2,20
36,2018-Now LAL,OKC,W (+21),13,20,0.65,4,6,0.667,5,2,33
36,2018-Now LAL,ORL,W (+12),12,20,0.6,3,7,0.429,11,3,30
36,2018-Now LAL,DAL,W (+3),9,19,0.474,4,9,0.444,3,0,24
36,2018-Now LAL,MIN,L (-18),5,13,0.385,2,6,0.333,10,2,18
36,2018-Now LAL,CHI,L (-5),11,21,0.524,1,7,0.143,14,2,31
36,2018-Now LAL,PHO,L (-18),13,19,0.684,2,5,0.4,7,0,34
36,2018-Now LAL,SAS,L (-28),15,26,0.577,2,7,0.286,9,2,36
36,2018-Now LAL,BRK,L (-7),14,25,0.56,3,9,0.333,9,1,39
36,2018-Now LAL,HOU,W (+9),11,19,0.579,3,5,0.6,10,2,32
36,2018-Now LAL,MEM,L (-5),13,25,0.52,8,14,0.571,13,2,37
37,2018-Now LAL,POR,W (+33),16,26,0.615,5,10,0.5,14,2,43
37,2018-Now LAL,MIN,W (+5),7,15,0.467,3,9,0.333,7,1,26
37,2018-Now LAL,SAC,W (+8),12,26,0.462,3,10,0.3,5,1,31
37,2018-Now LAL,ATL,W (+16),13,24,0.542,1,6,0.167,8,3,32
37,2018-Now LAL,MEM,L (-8),14,19,0.737,3,4,0.75,9,0,35
37,2018-Now LAL,SAC,L (-9),13,29,0.448,3,12,0.25,7,1,34
37,2018-Now LAL,DEN,L (-37),9,23,0.391,2,8,0.25,9,2,25
37,2018-Now LAL,UTA,W (+6),9,20,0.45,3,8,0.375,7,1,25
37,2018-Now LAL,IND,L (-7),11,22,0.5,3,7,0.429,12,0,30
37,2018-Now LAL,ORL,W (+11),12,23,0.522,2,7,0.286,7,1,29
37,2018-Now LAL,MIA,L (-6),12,22,0.545,1,8,0.125,11,0,33
37,2018-Now LAL,BRK,W (+10),14,21,0.667,2,8,0.25,7,2,33
37,2018-Now LAL,NYK,W (+7),13,24,0.542,2,7,0.286,13,0,29
37,2018-Now LAL,MIL,L (-15),11,19,0.579,3,7,0.429,5,0,27
37,2018-Now LAL,POR,L (-2),13,22,0.591,3,7,0.429,7,0,30
37,2018-Now LAL,GSW,L (-2),9,27,0.333,3,10,0.3,15,0,26
37,2018-Now LAL,UTA,W (+5),14,23,0.609,3,8,0.375,8,0,33
37,2018-Now LAL,LAC,L (-3),6,18,0.333,2,8,0.25,11,1,21
37,2018-Now LAL,NOP,L (-28),13,23,0.565,1,4,0.25,6,2,32
37,2018-Now LAL,DAL,L (-5),10,18,0.556,3,7,0.429,12,0,26
37,2018-Now LAL,LAC,L (-21),8,18,0.444,2,9,0.222,8,1,26
37,2018-Now LAL,GSW,W (+8),19,31,0.613,6,11,0.545,10,1,56
37,2018-Now LAL,HOU,L (-9),9,26,0.346,1,9,0.111,14,4,23
37,2018-Now LAL,WAS,W (+13),18,25,0.72,6,9,0.667,7,1,50
37,2018-Now LAL,PHO,L (-29),10,20,0.5,5,11,0.455,7,1,31
37,2018-Now LAL,TOR,L (-11),11,19,0.579,4,7,0.571,9,2,30
37,2018-Now LAL,MIN,L (-20),8,21,0.381,1,8,0.125,5,2,19
37,2018-Now LAL,TOR,W (+5),15,26,0.577,2,7,0.286,9,2,36
37,2018-Now LAL,WAS,L (-8),16,29,0.552,4,10,0.4,10,0,38
37,2018-Now LAL,CLE,W (+11),17,29,0.586,0,4,0,10,1,38
37,2018-Now LAL,NOP,L (-8),14,27,0.519,7,13,0.538,9,1,39
37,2018-Now LAL,NOP,L (-3),13,23,0.565,3,8,0.375,8,0,38
