Age,Tm,Opp,FG%,3P%,TRB,BLK,PTS,win_flag,total
18,03_10CLE,SAC,0.6,0,6,0,25,0,1
18,03_10CLE,PHO,0.471,0.2,12,0,21,0,1
18,03_10CLE,POR,0.25,0,4,0,8,0,1
18,03_10CLE,DEN,0.273,0,11,3,7,0,1
18,03_10CLE,IND,0.444,0.5,5,0,23,0,1
18,03_10CLE,MIA,0.4,0.4,3,1,18,0,1
18,03_10CLE,BOS,0.25,0.5,5,0,10,0,1
18,03_10CLE,PHI,0.526,0,5,2,22,1,1
18,03_10CLE,LAC,0.375,0,7,1,14,1,1
18,03_10CLE,WAS,0.556,0.5,7,1,28,0,1
18,03_10CLE,MIN,0.421,0,9,0,19,0,1
18,03_10CLE,ATL,0.188,0,6,1,15,0,1
18,03_10CLE,NOH,0.294,0.25,8,0,15,0,1
18,03_10CLE,DET,0.25,0,2,0,6,0,1
18,03_10CLE,MEM,0.5,0.5,16,1,33,0,1
18,03_10CLE,DEN,0.316,0.667,6,0,19,0,1
18,03_10CLE,DET,0.381,0.333,3,1,23,1,1
18,03_10CLE,BOS,0.5,0.2,3,0,37,0,1
18,03_10CLE,IND,0.625,0,4,3,27,0,1
18,03_10CLE,HOU,0.368,0.5,1,0,17,0,1
18,03_10CLE,PHI,0.583,0.714,4,0,36,1,1
18,03_10CLE,CHI,0.5,0,6,2,32,1,1
18,03_10CLE,NOH,0.318,0.167,6,1,22,1,1
18,03_10CLE,ORL,0.464,0.4,2,1,34,0,1
18,03_10CLE,CHI,0.292,0.25,3,2,18,0,1
18,03_10CLE,POR,0.652,0,10,0,32,1,1
19,03_10CLE,IND,0.45,0,10,0,22,0,1
19,03_10CLE,NJN,0.316,0,4,0,14,0,1
19,03_10CLE,NYK,0.353,0,4,1,14,1,1
19,03_10CLE,TOR,0.435,0,2,0,21,0,1
19,03_10CLE,BOS,0.368,0,3,0,19,0,1
19,03_10CLE,LAL,0.3,0,5,1,16,0,1
19,03_10CLE,SEA,0.423,0,9,0,27,1,1
19,03_10CLE,GSW,0.381,0.4,6,0,29,0,1
19,03_10CLE,UTA,0.429,0.5,7,1,29,1,1
19,03_10CLE,ORL,0.368,0.5,5,2,16,1,1
19,03_10CLE,MIA,0.4,0,5,1,27,1,1
19,03_10CLE,MIL,0.28,0.167,8,0,20,0,1
19,03_10CLE,WAS,0.519,0.5,6,2,38,1,1
19,03_10CLE,DET,0.263,0,4,0,12,1,1
19,03_10CLE,LAL,0.462,1,4,0,32,0,1
19,03_10CLE,MIN,0.333,0.333,9,0,14,0,1
19,03_10CLE,BOS,0.36,0.167,6,1,24,1,1
19,03_10CLE,NJN,0.154,0,2,0,9,0,1
19,03_10CLE,NOH,0.438,0.2,4,5,21,1,1
19,03_10CLE,HOU,0.278,0,7,1,11,0,1
19,03_10CLE,ORL,0.579,1,11,1,30,1,1
19,03_10CLE,CHI,0.412,0,3,1,18,0,1
19,03_10CLE,ATL,0.529,0.5,7,1,24,1,1
19,03_10CLE,NOH,0.412,1,6,0,19,1,1
19,03_10CLE,MIL,0.458,0,7,1,24,1,1
19,03_10CLE,ATL,0.478,0.25,6,0,34,1,1
19,03_10CLE,IND,0.545,0,3,1,26,1,1
19,03_10CLE,CHI,0.313,0.667,5,5,17,1,1
19,03_10CLE,UTA,0.286,0,0,1,14,0,1
19,03_10CLE,DET,0.294,0.25,7,2,15,0,1
19,03_10CLE,PHO,0.381,0.4,2,1,25,0,1
19,03_10CLE,PHI,0.385,0.5,3,1,16,0,1
19,03_10CLE,NJN,0.517,0.5,6,0,41,1,1
19,03_10CLE,DAL,0.591,0,5,0,28,0,1
19,03_10CLE,GSW,0.429,0.6,8,1,34,0,1
19,03_10CLE,MIA,0.429,1,7,0,24,0,1
19,03_10CLE,MIA,0.364,0,3,0,10,1,1
19,03_10CLE,MIL,0.45,0.25,7,0,27,1,1
19,03_10CLE,NYK,0.471,0,1,0,17,1,1
19,03_10CLE,IND,0.421,0.4,5,3,28,0,1
19,03_10CLE,MIA,0.409,0.667,6,0,21,0,1
19,03_10CLE,MIL,0.4,0,8,0,31,0,1
19,03_10CLE,ATL,0.471,0.25,10,2,25,1,1
19,03_10CLE,PHO,0.542,0.5,10,3,38,1,1
19,03_10CLE,WAS,0.5,0,9,2,24,1,1
19,03_10CLE,GSW,0.545,0.6,12,1,33,1,1
19,03_10CLE,CHA,0.571,0.667,6,0,19,1,1
19,03_10CLE,CHA,0.55,0,8,1,25,1,1
19,03_10CLE,NYK,0.333,0.333,9,1,13,0,1
19,03_10CLE,DET,0.682,0.667,6,1,43,1,1
19,03_10CLE,BOS,0.692,0,6,1,20,1,1
19,03_10CLE,CHI,0.647,0.5,7,0,26,1,1
19,03_10CLE,LAC,0.474,0,7,1,22,0,1
19,03_10CLE,PHO,0.316,0,3,1,15,0,1
19,03_10CLE,TOR,0.588,0.333,6,1,27,1,1
19,03_10CLE,NJN,0.5,0,2,0,27,1,1
19,03_10CLE,CHI,0.333,0,2,1,19,0,1
19,03_10CLE,SAS,0.526,0.333,6,0,23,0,1
19,03_10CLE,MEM,0.636,0.333,5,0,31,1,1
19,03_10CLE,POR,0.556,0.667,11,2,25,1,1
19,03_10CLE,DET,0.19,0,9,1,11,0,1
19,03_10CLE,BOS,0.48,0.6,5,1,31,0,1
19,03_10CLE,MIN,0.556,0,6,0,26,1,1
19,03_10CLE,NJN,0.389,1,9,0,23,0,1
19,03_10CLE,NOH,0.438,0,9,1,22,1,1
19,03_10CLE,ATL,0.52,0.6,9,0,40,1,1
19,03_10CLE,HOU,0,0,3,0,3,0,1
20,03_10CLE,CHA,0.579,0,8,0,26,1,1
20,03_10CLE,ATL,0.5,0.4,6,1,20,1,1
20,03_10CLE,CHA,0.458,0.4,8,1,29,1,1
20,03_10CLE,LAL,0.462,0.25,13,1,28,0,1
20,03_10CLE,UTA,0.45,0,8,0,27,1,1
20,03_10CLE,SEA,0.467,0.429,5,1,35,0,1
20,03_10CLE,POR,0.688,1,11,0,27,1,1
20,03_10CLE,SAC,0.474,0,8,0,18,0,1
20,03_10CLE,GSW,0.542,0,12,1,28,1,1
20,03_10CLE,WAS,0.462,1,10,1,31,0,1
20,03_10CLE,MEM,0.625,0.667,9,2,27,1,1
20,03_10CLE,ORL,0.5,0,5,1,28,0,1
20,03_10CLE,MIA,0.478,0.333,2,0,31,0,1
20,03_10CLE,ORL,0.429,0,6,0,30,1,1
20,03_10CLE,TOR,0.429,0,8,0,15,1,1
20,03_10CLE,DEN,0.414,0.167,6,0,35,0,1
20,03_10CLE,ATL,0.55,1,5,0,28,1,1
20,03_10CLE,MIN,0.526,0.5,7,0,26,0,1
20,03_10CLE,CHI,0.471,1,6,0,27,1,1
20,03_10CLE,IND,0.36,0,7,1,21,0,1
20,03_10CLE,NJN,0.45,0.5,4,0,28,0,1
20,03_10CLE,SAS,0.273,0.25,8,0,20,0,1
20,03_10CLE,SEA,0.55,0.714,5,0,32,0,1
20,03_10CLE,PHI,0.571,0,7,0,34,0,1
20,03_10CLE,MIA,0.474,0,4,0,23,0,1
20,03_10CLE,ORL,0.409,0.333,7,1,23,1,1
20,03_10CLE,IND,0.522,0.2,5,0,35,1,1
20,03_10CLE,UTA,0.733,0.4,9,1,36,1,1
20,03_10CLE,MIL,0.5,0.444,7,0,34,0,1
20,03_10CLE,PHI,0.15,0,8,0,16,0,1
20,03_10CLE,TOR,0.5,0.5,10,0,56,0,1
20,03_10CLE,DET,0.458,0.286,6,0,29,1,1
20,03_10CLE,HOU,0.318,0.25,4,0,19,0,1
20,03_10CLE,DAL,0.412,0,4,0,19,0,1
20,03_10CLE,NOH,0.552,0.3,6,0,44,1,1
20,03_10CLE,LAC,0.35,0.25,7,1,22,1,1
20,03_10CLE,CHI,0.357,0.25,6,2,26,0,1
20,03_10CLE,SAC,0.619,0.5,8,0,35,0,1
20,03_10CLE,DAL,0.435,0.5,10,1,37,1,1
20,03_10CLE,NJN,0.474,0.5,9,2,24,0,1
20,03_10CLE,IND,0.5,0,4,0,20,0,1
20,03_10CLE,PHI,0.4,0.333,13,0,37,0,1
20,03_10CLE,MIL,0.577,0.538,10,1,40,1,1
20,03_10CLE,ORL,0.522,0.167,7,1,33,1,1
20,03_10CLE,NYK,0.28,0.308,18,2,27,0,1
20,03_10CLE,WAS,0.485,0.167,6,0,38,0,1
20,03_10CLE,DET,0.343,0.286,11,1,37,0,1
20,03_10CLE,BOS,0.481,0.667,8,0,32,1,1
20,03_10CLE,TOR,0.435,0.25,14,1,27,1,1
21,03_10CLE,WAS,0.444,0.25,11,0,32,1,1
21,03_10CLE,WAS,0.28,0.167,9,3,26,0,1
21,03_10CLE,WAS,0.571,0.6,5,0,41,1,1
21,03_10CLE,WAS,0.565,0.583,6,0,38,0,1
21,03_10CLE,WAS,0.609,0,7,0,45,1,1
21,03_10CLE,WAS,0.6,0.167,7,1,32,1,1
21,03_10CLE,DET,0.5,0.4,4,0,22,0,1
21,03_10CLE,DET,0.478,0.4,14,0,30,0,1
21,03_10CLE,DET,0.5,0.25,10,1,21,1,1
21,03_10CLE,DET,0.348,0.5,8,2,22,1,1
21,03_10CLE,DET,0.433,0.25,5,1,32,1,1
21,03_10CLE,DET,0.4,0.2,11,1,32,0,1
21,03_10CLE,DET,0.458,0,8,0,27,0,1
20,03_10CLE,NOK,0.563,0.857,3,0,31,1,1
20,03_10CLE,SAS,0.438,0,6,1,20,0,1
20,03_10CLE,MEM,0.483,0.444,2,0,36,0,1
20,03_10CLE,TOR,0.529,0,3,2,27,1,1
20,03_10CLE,SEA,0.556,0,5,1,31,1,1
20,03_10CLE,MEM,0.455,0,6,1,16,1,1
20,03_10CLE,ORL,0.45,0.25,5,1,26,1,1
20,03_10CLE,WAS,0.652,0.667,10,2,37,1,1
20,03_10CLE,ORL,0.353,0,6,0,16,1,1
20,03_10CLE,PHI,0.583,0,11,1,36,1,1
20,03_10CLE,BOS,0.65,0.333,5,2,36,1,1
20,03_10CLE,IND,0.3,0,10,1,19,0,1
20,03_10CLE,MIN,0.448,0.545,5,0,38,0,1
20,03_10CLE,LAC,0.35,0,7,1,28,1,1
20,03_10CLE,SEA,0.519,0,3,3,34,0,1
20,03_10CLE,LAC,0.32,0.6,5,1,30,0,1
20,03_10CLE,SAC,0.435,0.2,6,3,30,1,1
20,03_10CLE,NJN,0.423,0,6,1,32,0,1
20,03_10CLE,MIL,0.655,0.556,7,0,52,0,1
20,03_10CLE,ATL,0.565,0.5,10,0,39,0,1
20,03_10CLE,DEN,0.611,0.25,4,0,26,1,1
20,03_10CLE,MIA,0.632,0.5,5,0,41,1,1
20,03_10CLE,UTA,0.667,1,6,2,25,1,1
20,03_10CLE,CHI,0.48,0.667,5,0,37,1,1
20,03_10CLE,IND,0.25,0,8,0,14,1,1
20,03_10CLE,CHI,0.48,0,8,2,32,1,1
20,03_10CLE,NJN,0.571,0.2,10,0,31,0,1
21,03_10CLE,DET,0.5,0.4,7,1,30,1,1
21,03_10CLE,MIL,0.414,0.25,11,1,32,1,1
21,03_10CLE,HOU,0.684,0.429,9,0,32,0,1
21,03_10CLE,MIL,0.636,0.429,7,1,35,1,1
21,03_10CLE,NYK,0.452,0,7,1,36,0,1
21,03_10CLE,LAL,0.5,0.667,2,0,28,0,1
21,03_10CLE,PHO,0.643,0.625,7,0,46,0,1
21,03_10CLE,POR,0.385,0.2,13,3,29,0,1
21,03_10CLE,DEN,0.35,0.333,11,0,24,0,1
21,03_10CLE,GSW,0.227,0,9,0,14,0,1
21,03_10CLE,UTA,0.543,0.5,5,0,51,1,1
21,03_10CLE,IND,0.333,0.4,7,2,23,1,1
21,03_10CLE,ATL,0.5,0.2,9,1,38,1,1
21,03_10CLE,IND,0.522,0.5,7,1,30,1,1
21,03_10CLE,PHO,0.515,0.429,11,1,44,1,1
21,03_10CLE,CHA,0.579,0.333,6,1,30,1,1
21,03_10CLE,NJN,0.381,0,11,1,26,1,1
21,03_10CLE,MIA,0.414,0.4,5,0,29,0,1
21,03_10CLE,PHI,0.588,0.286,4,1,31,0,1
21,03_10CLE,MIL,0.45,0.286,9,2,22,1,1
21,03_10CLE,MIN,0.324,0.2,11,0,35,1,1
21,03_10CLE,WAS,0.261,0,9,0,18,0,1
21,03_10CLE,GSW,0.588,0.833,5,2,33,0,1
21,03_10CLE,SAS,0.576,0.333,3,0,44,1,1
21,03_10CLE,BOS,0.5,0,12,4,43,1,1
21,03_10CLE,ORL,0.417,0.2,2,2,26,1,1
21,03_10CLE,PHI,0.542,0.25,6,1,33,0,1
21,03_10CLE,WAS,0.333,0.375,7,0,25,0,1
21,03_10CLE,DET,0.45,0.667,9,0,22,0,1
21,03_10CLE,DET,0.409,0,4,1,26,0,1
21,03_10CLE,SAC,0.333,0.25,7,2,19,0,1
21,03_10CLE,CHI,0.407,0,11,1,33,1,1
21,03_10CLE,CHI,0.536,0.333,9,0,37,1,1
21,03_10CLE,TOR,0.294,0.333,12,0,17,1,1
21,03_10CLE,TOR,0.542,0.333,6,0,35,1,1
21,03_10CLE,ORL,0.409,0.333,7,1,25,0,1
21,03_10CLE,MIA,0.407,0.167,7,1,47,0,1
21,03_10CLE,DAL,0.519,0,12,2,36,0,1
21,03_10CLE,POR,0.391,0.167,9,0,27,1,1
21,03_10CLE,LAL,0.417,0.75,8,0,29,1,1
21,03_10CLE,CHA,0.476,0.2,11,1,37,1,1
21,03_10CLE,BOS,0.5,0.5,7,3,36,1,1
21,03_10CLE,HOU,0.412,0,6,0,36,1,1
21,03_10CLE,DAL,0.696,0.571,5,0,46,1,1
21,03_10CLE,MIA,0.64,0.333,12,0,47,1,1
21,03_10CLE,CHA,0.542,0.4,12,2,35,1,1
21,03_10CLE,PHI,0.591,0.4,4,0,37,1,1
21,03_10CLE,NYK,0.5,0.571,2,0,36,0,1
21,03_10CLE,NJN,0.462,0,5,0,37,1,1
21,03_10CLE,NOK,0.5,0,4,0,32,1,1
21,03_10CLE,DET,0.444,0,3,0,22,0,1
22,03_10CLE,WAS,0.5,0,9,0,23,1,1
22,03_10CLE,WAS,0.364,0,8,2,27,1,1
22,03_10CLE,WAS,0.5,0.6,6,0,30,1,1
22,03_10CLE,WAS,0.364,0.2,11,1,31,1,1
22,03_10CLE,NJN,0.381,0.25,11,1,21,1,1
22,03_10CLE,NJN,0.5,0.429,1,0,36,1,1
22,03_10CLE,NJN,0.313,0.2,6,0,18,0,1
22,03_10CLE,NJN,0.563,0.667,9,0,30,1,1
22,03_10CLE,NJN,0.357,0,9,1,20,0,1
22,03_10CLE,NJN,0.4,0.2,8,0,23,1,1
22,03_10CLE,DET,0.368,0,6,0,19,0,1
22,03_10CLE,DET,0.571,0.667,9,0,32,1,1
22,03_10CLE,DET,0.421,0.2,7,0,25,1,1
22,03_10CLE,DET,0.545,0.667,9,0,48,1,1
22,03_10CLE,DET,0.273,0,14,2,20,1,1
22,03_10CLE,SAS,0.25,0.333,7,1,14,0,1
22,03_10CLE,SAS,0.429,0,7,0,25,0,1
22,03_10CLE,SAS,0.391,0,8,1,25,0,1
22,03_10CLE,SAS,0.333,0.286,6,0,24,0,1
21,03_10CLE,WAS,0.458,0.5,10,2,26,1,1
21,03_10CLE,SAS,0.538,0.5,10,1,35,1,1
21,03_10CLE,CHA,0.231,0.333,9,1,16,0,1
21,03_10CLE,ATL,0.5,0.375,7,1,34,0,1
21,03_10CLE,CHI,0.462,0,4,2,19,1,1
21,03_10CLE,BOS,0.529,0.25,8,0,38,1,1
21,03_10CLE,NYK,0.526,0.75,4,1,29,1,1
21,03_10CLE,POR,0.667,0.5,7,1,32,1,1
21,03_10CLE,MIN,0.5,0.4,9,2,37,1,1
21,03_10CLE,WAS,0.4,0,5,0,20,0,1
21,03_10CLE,MEM,0.333,0.2,1,1,15,1,1
21,03_10CLE,TOR,0.458,0.286,10,0,30,0,1
21,03_10CLE,IND,0.429,1,7,0,30,0,1
21,03_10CLE,PHI,0.5,0.25,4,1,25,1,1
21,03_10CLE,NYK,0.455,0,7,1,27,0,1
21,03_10CLE,ATL,0.522,0.333,7,2,31,1,1
21,03_10CLE,HOU,0.318,0.333,5,0,21,0,1
21,03_10CLE,TOR,0.611,0.5,6,0,26,1,1
21,03_10CLE,IND,0.688,0.333,7,1,27,1,1
21,03_10CLE,NOK,0.389,0,7,0,15,0,1
21,03_10CLE,CHA,0.353,0,8,1,22,1,1
21,03_10CLE,SEA,0.643,0.667,9,0,22,1,1
21,03_10CLE,ORL,0.526,0.4,5,1,29,0,1
21,03_10CLE,NJN,0.455,0.333,1,1,37,0,1
21,03_10CLE,DET,0.45,0,10,0,26,0,1
21,03_10CLE,ORL,0.619,0.667,7,0,32,1,1
21,03_10CLE,ATL,0.4,0.5,9,2,27,1,1
21,03_10CLE,MIL,0.524,0.333,4,1,32,1,1
22,03_10CLE,CHI,0.577,0.75,9,0,33,0,1
22,03_10CLE,SAS,0.412,0,5,0,19,1,1
22,03_10CLE,BOS,0.55,0.667,6,1,32,1,1
22,03_10CLE,MIL,0.231,0,5,0,8,1,1
22,03_10CLE,SAC,0.538,0.429,4,1,34,1,1
22,03_10CLE,PHO,0.536,0.333,6,0,34,0,1
22,03_10CLE,LAC,0.435,0,6,0,28,1,1
22,03_10CLE,SEA,0.381,0.143,7,1,30,0,1
22,03_10CLE,POR,0.381,0.25,6,0,23,0,1
22,03_10CLE,DEN,0.391,0,10,0,30,0,1
22,03_10CLE,GSW,0.636,0.286,7,0,32,1,1
22,03_10CLE,ORL,0.4,0,4,0,18,0,1
22,03_10CLE,PHI,0.538,0.375,10,0,39,0,1
22,03_10CLE,PHO,0.545,0.5,9,0,30,0,1
22,03_10CLE,MIA,0.333,0.286,6,0,17,0,1
22,03_10CLE,CHA,0.538,0,10,0,18,1,1
22,03_10CLE,DET,0.409,0.25,5,0,21,0,1
22,03_10CLE,LAC,0.308,0.5,7,1,11,1,1
22,03_10CLE,MIA,0.545,0.25,7,0,29,1,1
22,03_10CLE,LAL,0.313,0,8,1,18,1,1
22,03_10CLE,UTA,0.36,0,10,3,23,0,1
22,03_10CLE,LAL,0.625,0,4,0,38,1,1
22,03_10CLE,TOR,0.48,0,4,1,29,1,1
22,03_10CLE,CHI,0.464,0.25,7,0,29,0,1
22,03_10CLE,MIA,0.455,0.4,3,1,29,0,1
22,03_10CLE,NOK,0.636,0.75,5,1,35,1,1
22,03_10CLE,DAL,0.63,0.25,3,0,39,0,1
22,03_10CLE,TOR,0.5,0.333,5,3,36,1,1
22,03_10CLE,HOU,0.5,0.5,12,0,32,1,1
22,03_10CLE,DET,0.548,0.333,7,1,41,1,1
22,03_10CLE,MIL,0.545,0.667,8,1,32,1,1
22,03_10CLE,IND,0.455,0.333,7,1,26,1,1
22,03_10CLE,MEM,0.647,0.571,6,0,29,1,1
22,03_10CLE,UTA,0.381,0,17,2,24,1,1
22,03_10CLE,CHA,0.387,0.222,6,3,37,0,1
22,03_10CLE,DAL,0.429,0.167,6,3,31,0,1
22,03_10CLE,NYK,0.5,0,3,0,21,1,1
22,03_10CLE,DEN,0.421,0.167,3,0,18,0,1
22,03_10CLE,IND,0.444,0,7,0,26,1,1
22,03_10CLE,NYK,0.3,0.4,6,0,24,0,1
22,03_10CLE,CHI,0.56,0,5,0,39,1,1
22,03_10CLE,MIN,0.542,0,12,1,31,1,1
22,03_10CLE,MIA,0.524,0.4,9,0,35,0,1
22,03_10CLE,WAS,0.304,0,6,1,25,1,1
22,03_10CLE,DET,0.313,0.25,5,0,20,0,1
22,03_10CLE,NJN,0.556,0,8,1,35,1,1
22,03_10CLE,ATL,0.5,0.5,5,1,23,1,1
22,03_10CLE,PHI,0.467,0,5,0,18,1,1
22,03_10CLE,MIL,0.5,0.25,5,0,24,1,1
23,03_10CLE,WAS,0.632,0,6,2,32,1,1
23,03_10CLE,WAS,0.474,0.333,9,2,30,1,1
23,03_10CLE,WAS,0.526,0,7,1,22,0,1
23,03_10CLE,WAS,0.44,0.375,12,0,34,1,1
23,03_10CLE,WAS,0.381,0.333,10,2,34,0,1
23,03_10CLE,WAS,0.471,0.5,13,1,27,1,1
23,03_10CLE,BOS,0.111,0,9,1,12,0,1
23,03_10CLE,BOS,0.25,0,5,1,21,0,1
23,03_10CLE,BOS,0.313,0.6,5,3,21,1,1
23,03_10CLE,BOS,0.35,0.4,6,2,21,1,1
23,03_10CLE,BOS,0.48,0,3,1,35,0,1
23,03_10CLE,BOS,0.391,0.333,12,1,32,1,1
23,03_10CLE,BOS,0.483,0.273,5,0,45,0,1
22,03_10CLE,DAL,0.182,0,5,0,10,0,1
22,03_10CLE,NYK,0.464,0.6,7,1,45,1,1
22,03_10CLE,PHO,0.423,0.6,5,4,27,0,1
22,03_10CLE,GSW,0.563,0.5,13,3,24,1,1
22,03_10CLE,UTA,0.444,0.25,15,2,32,0,1
22,03_10CLE,SAC,0.526,0,4,1,26,1,1
22,03_10CLE,LAC,0.429,0,5,1,22,1,1
22,03_10CLE,DEN,0.563,0.333,1,0,27,0,1
22,03_10CLE,ORL,0.556,0.5,13,2,39,0,1
22,03_10CLE,UTA,0.481,0.333,10,3,40,1,1
22,03_10CLE,MIL,0.5,0.143,7,1,34,0,1
22,03_10CLE,MIN,0.654,0.6,8,2,45,1,1
22,03_10CLE,TOR,0.483,0.25,12,1,37,1,1
22,03_10CLE,IND,0.476,0.167,11,1,30,1,1
22,03_10CLE,BOS,0.44,0.25,4,2,38,1,1
22,03_10CLE,DET,0.455,0,1,0,15,0,1
22,03_10CLE,IND,0.556,0,3,1,17,1,1
22,03_10CLE,NJN,0.48,0.333,6,0,29,0,1
22,03_10CLE,PHI,0.556,0,6,1,21,0,1
22,03_10CLE,MIL,0.4,0,8,0,31,1,1
22,03_10CLE,NYK,0.571,0.5,8,0,32,0,1
22,03_10CLE,LAL,0.414,0,10,1,33,1,1
22,03_10CLE,GSW,0.4,0,5,1,25,0,1
22,03_10CLE,MIA,0.474,0,6,1,25,1,1
22,03_10CLE,DAL,0.429,0.25,8,0,24,1,1
22,03_10CLE,NOH,0.381,0.25,5,0,21,0,1
23,03_10CLE,ATL,0.591,0.333,5,1,36,1,1
23,03_10CLE,SAC,0.389,0.167,8,1,24,1,1
23,03_10CLE,TOR,0.483,0.5,11,0,39,1,1
23,03_10CLE,SEA,0.444,0,8,0,22,1,1
23,03_10CLE,ATL,0.591,0,10,1,31,0,1
23,03_10CLE,CHA,0.5,0.286,19,3,31,1,1
23,03_10CLE,MEM,0.643,0.5,8,1,51,1,1
23,03_10CLE,SAS,0.375,0.2,9,2,27,1,1
23,03_10CLE,MIA,0.423,0.25,3,1,28,1,1
23,03_10CLE,WAS,0.538,0.333,8,1,23,1,1
23,03_10CLE,PHO,0.467,0,7,0,36,0,1
23,03_10CLE,LAL,0.5,0.2,9,0,41,1,1
23,03_10CLE,POR,0.448,0.5,14,2,37,1,1
23,03_10CLE,LAC,0.421,0.25,11,1,28,1,1
23,03_10CLE,BOS,0.524,0.5,9,2,33,1,1
23,03_10CLE,HOU,0.522,0.4,7,2,32,0,1
23,03_10CLE,ATL,0.458,0,11,1,26,1,1
23,03_10CLE,DEN,0.478,0.4,5,0,30,0,1
23,03_10CLE,ORL,0.533,0.5,7,1,29,1,1
23,03_10CLE,SAS,0.548,0.2,6,1,39,0,1
23,03_10CLE,HOU,0.389,0.571,13,0,26,0,1
23,03_10CLE,IND,0.5,0.2,14,1,31,1,1
23,03_10CLE,WAS,0.55,0.333,15,1,33,1,1
23,03_10CLE,MEM,0.588,0.25,7,1,25,1,1
23,03_10CLE,MIL,0.667,0.333,4,1,35,0,1
23,03_10CLE,BOS,0.292,0.167,8,0,26,0,1
23,03_10CLE,MIN,0.5,0.25,8,0,30,1,1
23,03_10CLE,CHI,0.517,0,6,0,37,1,1
23,03_10CLE,NYK,0.533,0.538,8,0,50,1,1
23,03_10CLE,CHI,0.481,0.25,3,3,39,0,1
23,03_10CLE,IND,0.458,0.625,11,2,38,1,1
23,03_10CLE,POR,0.389,0.25,10,2,24,1,1
23,03_10CLE,NJN,0.522,0.286,11,2,42,0,1
23,03_10CLE,WAS,0.409,0.143,7,0,25,0,1
23,03_10CLE,CHA,0.458,0.333,7,2,33,1,1
23,03_10CLE,ORL,0.5,0.25,9,1,30,0,1
23,03_10CLE,DET,0.579,0.4,7,1,30,1,1
23,03_10CLE,MIL,0.36,0.333,11,0,29,0,1
23,03_10CLE,NOH,0.429,0.5,3,2,21,0,1
23,03_10CLE,DET,0.235,0.2,4,0,13,0,1
23,03_10CLE,PHI,0.611,0.5,9,1,26,1,1
23,03_10CLE,CHA,0.579,0.25,4,2,29,1,1
23,03_10CLE,CHI,0.417,0.429,5,2,33,0,1
23,03_10CLE,ORL,0.273,0.2,7,2,17,0,1
23,03_10CLE,NJN,0.524,0.25,7,2,33,1,1
23,03_10CLE,CHI,0.619,0.333,6,0,34,0,1
23,03_10CLE,MIA,0.333,0,11,2,13,1,1
23,03_10CLE,PHI,0.556,0.5,4,1,27,1,1
24,03_10CLE,DET,0.65,0.25,8,0,38,1,1
24,03_10CLE,DET,0.5,0.4,13,0,29,1,1
24,03_10CLE,DET,0.474,0,11,2,25,1,1
24,03_10CLE,DET,0.417,0,13,1,36,1,1
24,03_10CLE,ATL,0.6,0.333,10,0,34,1,1
24,03_10CLE,ATL,0.643,0.6,3,1,27,1,1
24,03_10CLE,ATL,0.6,0.5,12,1,47,1,1
24,03_10CLE,ATL,0.409,0.5,8,0,27,1,1
24,03_10CLE,ORL,0.667,0.5,6,3,49,0,1
24,03_10CLE,ORL,0.522,0.333,4,0,35,1,1
24,03_10CLE,ORL,0.393,0.125,7,1,41,0,1
24,03_10CLE,ORL,0.448,0.4,12,1,44,0,1
24,03_10CLE,ORL,0.458,0,14,1,37,1,1
24,03_10CLE,ORL,0.4,0.25,7,1,25,0,1
23,03_10CLE,BOS,0.429,0,7,1,22,0,1
23,03_10CLE,CHA,0.467,0,9,1,22,1,1
23,03_10CLE,NOH,0.4,0,7,0,15,0,1
23,03_10CLE,DAL,0.4,0,8,1,29,1,1
23,03_10CLE,CHI,0.565,0,9,0,41,1,1
23,03_10CLE,IND,0.458,0.167,9,4,27,1,1
23,03_10CLE,CHI,0.448,0.571,13,0,41,1,1
23,03_10CLE,MIL,0.667,0.25,5,0,41,1,1
23,03_10CLE,UTA,0.619,0.429,5,2,38,1,1
23,03_10CLE,NJN,0.45,0.25,8,1,31,1,1
23,03_10CLE,DET,0.381,0,6,0,25,0,1
23,03_10CLE,ATL,0.421,0.25,7,0,24,1,1
23,03_10CLE,NYK,0.5,0.429,4,1,26,1,1
23,03_10CLE,GSW,0.692,0.75,7,1,23,1,1
23,03_10CLE,MIL,0.444,0.2,7,1,32,1,1
23,03_10CLE,NYK,0.5,0.25,5,1,21,1,1
23,03_10CLE,IND,0.333,0,8,3,11,1,1
23,03_10CLE,CHA,0.471,0.5,5,2,25,1,1
23,03_10CLE,TOR,0.611,0.4,5,0,31,1,1
23,03_10CLE,PHI,0.455,0.333,4,2,29,1,1
23,03_10CLE,PHI,0.429,0.25,7,3,28,1,1
23,03_10CLE,ATL,0.526,0.286,6,1,33,0,1
23,03_10CLE,MIN,0.7,0.333,6,2,32,1,1
23,03_10CLE,DEN,0.65,0,10,0,33,1,1
23,03_10CLE,OKC,0.583,0.5,4,1,31,1,1
23,03_10CLE,HOU,0.478,0,9,1,27,1,1
23,03_10CLE,WAS,0.462,0,5,1,18,1,1
23,03_10CLE,MIA,0.632,0.5,6,1,33,1,1
24,03_10CLE,MIA,0.5,0.375,2,2,38,0,1
24,03_10CLE,CHI,0.375,0.667,10,3,16,1,1
24,03_10CLE,WAS,0.5,0.333,6,2,30,0,1
24,03_10CLE,CHA,0.563,0,4,2,21,1,1
24,03_10CLE,BOS,0.52,0.429,7,3,38,1,1
24,03_10CLE,MEM,0.6,0.2,11,1,30,1,1
24,03_10CLE,CHI,0.286,0.167,14,1,28,0,1
24,03_10CLE,NOH,0.5,0,14,1,29,1,1
24,03_10CLE,LAL,0.36,0.2,9,1,23,0,1
24,03_10CLE,POR,0.467,0.5,7,0,34,1,1
24,03_10CLE,GSW,0.417,0.4,9,2,32,1,1
24,03_10CLE,UTA,0.519,0.167,14,0,33,1,1
24,03_10CLE,SAC,0.5,0,15,3,23,1,1
24,03_10CLE,ORL,0.37,0,8,1,23,0,1
24,03_10CLE,LAC,0.529,0.5,7,1,25,1,1
24,03_10CLE,DET,0.48,0.375,4,1,33,1,1
24,03_10CLE,TOR,0.45,0.4,7,2,33,1,1
24,03_10CLE,NYK,0.515,0.286,9,2,52,1,1
24,03_10CLE,LAL,0.25,0.25,8,0,16,0,1
24,03_10CLE,IND,0.714,0.571,7,1,47,0,1
24,03_10CLE,PHO,0.5,0.2,6,1,26,1,1
24,03_10CLE,TOR,0.529,0,9,1,20,1,1
24,03_10CLE,MIL,0.552,0.727,5,0,55,1,1
24,03_10CLE,DET,0.462,0,5,1,20,1,1
24,03_10CLE,MEM,0.4,0.5,5,1,15,1,1
24,03_10CLE,HOU,0.333,0.4,1,2,21,0,1
24,03_10CLE,SAS,0.522,0.5,14,0,30,1,1
24,03_10CLE,ATL,0.4,0.286,6,2,26,1,1
24,03_10CLE,MIA,0.619,0.857,8,1,42,1,1
24,03_10CLE,MIL,0.636,0.8,8,0,23,1,1
24,03_10CLE,BOS,0.333,0.4,6,0,21,0,1
24,03_10CLE,MIA,0.333,0,10,1,14,1,1
24,03_10CLE,LAC,0.435,0,13,2,32,1,1
24,03_10CLE,PHO,0.417,0.375,10,3,34,1,1
24,03_10CLE,SAC,0.533,0.364,4,3,51,1,1
24,03_10CLE,NYK,0.529,0,8,3,19,1,1
24,03_10CLE,ORL,0.556,0.571,12,1,43,1,1
24,03_10CLE,POR,0.455,0,11,2,26,1,1
24,03_10CLE,ATL,0.429,0.25,7,1,22,1,1
24,03_10CLE,NJN,0.529,0.25,11,0,30,1,1
24,03_10CLE,NJN,0.5,1,8,0,22,1,1
24,03_10CLE,MIN,0.571,0.667,12,0,25,1,1
24,03_10CLE,DAL,0.409,0.5,6,2,24,1,1
24,03_10CLE,DET,0.375,0,12,1,25,1,1
24,03_10CLE,WAS,0.611,0.5,9,0,31,0,1
24,03_10CLE,ORL,0.35,0.4,9,0,26,0,1
24,03_10CLE,SAS,0.667,0.4,7,0,38,1,1
24,03_10CLE,WAS,0.467,0,6,0,21,1,1
24,03_10CLE,PHI,0.471,0.25,2,1,27,1,1
24,03_10CLE,BOS,0.643,0.625,4,1,29,1,1
24,03_10CLE,IND,0.522,0.286,5,0,37,1,1
25,03_10CLE,CHI,0.474,0,6,4,24,1,1
25,03_10CLE,CHI,0.696,0.5,8,2,40,1,1
25,03_10CLE,CHI,0.538,0.5,10,3,39,0,1
25,03_10CLE,CHI,0.647,0.667,12,1,37,1,1
25,03_10CLE,CHI,0.417,0.5,10,2,19,1,1
25,03_10CLE,BOS,0.5,0.5,7,2,35,1,1
25,03_10CLE,BOS,0.467,0,7,2,24,0,1
25,03_10CLE,BOS,0.636,0.667,8,2,38,1,1
25,03_10CLE,BOS,0.389,0,9,1,22,0,1
25,03_10CLE,BOS,0.214,0,6,0,15,0,1
25,03_10CLE,BOS,0.381,0.5,19,1,27,0,1
24,03_10CLE,BOS,0.545,0.444,4,4,38,0,1
24,03_10CLE,TOR,0.368,0.2,11,0,23,0,1
24,03_10CLE,MIN,0.556,0.667,9,1,24,1,1
24,03_10CLE,CHA,0.455,0,7,0,14,1,1
24,03_10CLE,WAS,0.438,0.286,8,0,27,1,1
24,03_10CLE,CHI,0.529,0.25,7,1,25,0,1
24,03_10CLE,NYK,0.706,0.5,8,0,33,1,1
24,03_10CLE,ORL,0.565,0.667,8,0,36,1,1
24,03_10CLE,MIA,0.4,0.5,4,1,34,1,1
24,03_10CLE,UTA,0.4,0,6,1,21,1,1
24,03_10CLE,GSW,0.579,0.2,5,2,31,1,1
24,03_10CLE,WAS,0.6,0.429,2,0,34,0,1
24,03_10CLE,IND,0.52,0.333,9,1,40,1,1
24,03_10CLE,PHI,0.65,0.5,7,0,32,1,1
24,03_10CLE,DET,0.5,0.25,8,0,34,1,1
24,03_10CLE,CHA,0.526,0.286,6,0,25,0,1
24,03_10CLE,DAL,0.5,0,5,0,25,1,1
24,03_10CLE,CHI,0.471,0.333,6,0,23,1,1
24,03_10CLE,MEM,0.483,0.364,13,1,43,0,1
24,03_10CLE,HOU,0.381,0.5,6,1,27,0,1
24,03_10CLE,POR,0.583,0.5,7,2,33,1,1
24,03_10CLE,OKC,0.552,0.625,7,1,44,1,1
24,03_10CLE,NJN,0.474,0.2,6,0,23,1,1
24,03_10CLE,PHI,0.462,0.5,6,1,36,1,1
24,03_10CLE,MIL,0.462,0.5,10,3,26,1,1
24,03_10CLE,DAL,0.391,0.333,3,2,25,0,1
24,03_10CLE,PHO,0.524,0.333,6,0,29,1,1
24,03_10CLE,SAC,0.467,0.25,16,0,34,1,1
24,03_10CLE,LAL,0.474,0.286,4,1,26,1,1
24,03_10CLE,HOU,0.6,0.4,5,1,29,1,1
24,03_10CLE,ATL,0.3,0,8,1,14,1,1
25,03_10CLE,ATL,0.652,0.667,10,2,48,1,1
25,03_10CLE,NJN,0.438,0.25,9,2,28,1,1
25,03_10CLE,CHA,0.619,0.333,7,1,29,0,1
25,03_10CLE,WAS,0.583,0.25,7,2,23,1,1
25,03_10CLE,DEN,0.429,0.25,6,0,35,0,1
25,03_10CLE,POR,0.684,0.75,10,1,41,1,1
25,03_10CLE,GSW,0.522,0.25,8,4,37,1,1
25,03_10CLE,UTA,0.6,0.667,9,1,36,0,1
25,03_10CLE,LAC,0.6,0.5,4,1,32,1,1
25,03_10CLE,TOR,0.444,0,9,3,28,1,1
25,03_10CLE,LAL,0.52,0.111,5,1,37,1,1
25,03_10CLE,OKC,0.474,0.6,9,1,37,1,1
25,03_10CLE,MIA,0.391,0.222,9,0,32,1,1
25,03_10CLE,MIN,0.375,0.333,6,1,12,1,1
25,03_10CLE,IND,0.333,0,9,4,22,1,1
25,03_10CLE,LAC,0.5,0.833,3,0,32,1,1
25,03_10CLE,MEM,0.5,0.25,6,1,22,1,1
25,03_10CLE,MIA,0.563,0.25,7,0,36,1,1
25,03_10CLE,NYK,0.548,0.5,8,0,47,1,1
25,03_10CLE,NJN,0.619,0.25,3,0,32,1,1
25,03_10CLE,ORL,0.476,0.333,8,0,32,1,1
25,03_10CLE,DEN,0.455,0.111,13,4,43,0,1
25,03_10CLE,CHA,0.429,0.333,3,0,22,0,1
25,03_10CLE,ORL,0.48,0.167,9,1,33,0,1
25,03_10CLE,NOH,0.438,0.333,5,0,20,1,1
25,03_10CLE,BOS,0.478,0.5,7,0,36,1,1
25,03_10CLE,TOR,0.588,0.25,6,0,36,1,1
25,03_10CLE,NYK,0.529,0.25,7,2,22,1,1
25,03_10CLE,NJN,0.556,0,7,1,26,1,1
25,03_10CLE,DET,0.593,0.429,13,2,40,1,1
25,03_10CLE,PHI,0.389,0.3,6,3,23,1,1
25,03_10CLE,BOS,0.429,0.333,8,3,30,1,1
25,03_10CLE,DET,0.455,0.333,12,1,29,1,1
25,03_10CLE,IND,0.458,0.5,9,2,32,1,1
25,03_10CLE,CHI,0.429,0,11,2,29,1,1
25,03_10CLE,DET,0.556,0.667,3,1,15,1,1
25,03_10CLE,NOH,0.682,0.2,6,0,38,1,1
25,03_10CLE,SAS,0.524,0.167,5,0,27,0,1
25,03_10CLE,SAC,0.591,0.5,7,0,34,1,1
25,03_10CLE,MIL,0.412,0,9,1,23,1,1
25,03_10CLE,ATL,0.55,0.333,13,0,27,1,1
25,03_10CLE,BOS,0.452,0,7,1,42,0,1
25,03_10CLE,TOR,0.385,0,6,1,19,1,1
26,MIA,PHI,0.286,0,14,3,21,1,1
26,MIA,PHI,0.526,1,7,0,29,1,1
26,MIA,PHI,0.533,0.25,15,0,24,1,1
26,MIA,PHI,0.55,0,7,1,31,0,1
26,MIA,PHI,0.385,0.4,10,0,16,1,1
26,MIA,BOS,0.421,0.333,6,2,22,1,1
26,MIA,BOS,0.56,0.5,7,1,35,1,1
26,MIA,BOS,0.375,0,7,5,15,0,1
26,MIA,BOS,0.429,0.333,14,0,35,1,1
26,MIA,BOS,0.55,0.714,7,1,33,1,1
26,MIA,CHI,0.333,0.333,6,3,15,0,1
26,MIA,CHI,0.571,0.333,10,0,29,1,1
26,MIA,CHI,0.462,0.5,6,2,22,1,1
26,MIA,CHI,0.423,0,6,2,35,1,1
26,MIA,CHI,0.421,0.5,11,2,28,1,1
26,MIA,DAL,0.563,0.8,9,0,24,1,1
26,MIA,DAL,0.533,0.286,8,1,20,0,1
26,MIA,DAL,0.429,0.25,3,0,17,1,1
26,MIA,DAL,0.273,0,9,0,8,0,1
26,MIA,DAL,0.421,0,10,1,17,0,1
26,MIA,DAL,0.6,0.4,4,1,21,0,1
25,MIA,BOS,0.476,0.5,4,2,31,0,1
25,MIA,PHI,0.417,0,6,1,16,1,1
25,MIA,ORL,0.462,0.667,6,0,15,1,1
25,MIA,NJN,0.417,0,7,0,20,1,1
25,MIA,MIN,0.583,0,0,1,20,1,1
25,MIA,NOH,0.375,0.5,7,1,20,0,1
25,MIA,NJN,0.563,0.5,3,0,23,1,1
25,MIA,UTA,0.278,0,11,3,20,0,1
25,MIA,BOS,0.429,0,10,0,35,0,1
25,MIA,TOR,0.381,0,2,0,23,1,1
25,MIA,PHO,0.6,0,8,0,20,1,1
25,MIA,CHA,0.48,0.4,2,0,32,1,1
25,MIA,MEM,0.478,0.5,3,0,29,0,1
25,MIA,IND,0.429,0.25,5,0,25,0,1
25,MIA,ORL,0.5,0.333,6,0,25,0,1
25,MIA,PHI,0.333,0.2,8,1,20,1,1
25,MIA,DAL,0.263,0,8,0,23,0,1
25,MIA,WAS,0.556,1,6,1,30,1,1
25,MIA,DET,0.533,1,6,0,18,1,1
25,MIA,CLE,0.6,0.286,5,1,38,1,1
25,MIA,ATL,0.455,1,7,1,22,1,1
25,MIA,MIL,0.438,0.333,6,1,17,1,1
25,MIA,UTA,0.6,0.6,7,0,33,1,1
25,MIA,GSW,0.556,0.75,7,1,25,1,1
25,MIA,SAC,0.526,0.667,10,0,25,1,1
25,MIA,NOH,0.375,0,4,0,20,1,1
25,MIA,CLE,0.333,0,13,0,21,1,1
25,MIA,NYK,0.609,0.5,11,0,32,1,1
25,MIA,WAS,0.474,0.429,7,0,32,1,1
25,MIA,DAL,0.353,0.5,10,0,19,0,1
25,MIA,PHO,0.591,0.4,6,0,36,1,1
25,MIA,LAL,0.571,0.833,11,0,27,1,1
25,MIA,NYK,0.471,0.5,10,0,18,1,1
25,MIA,HOU,0.533,0,6,0,20,1,1
26,MIA,GSW,0.467,0,7,1,25,1,1
26,MIA,CHA,0.577,0.5,9,0,38,1,1
26,MIA,MIL,0.348,0.25,10,1,26,1,1
26,MIA,POR,0.654,0.6,13,0,44,1,1
26,MIA,LAC,0.458,0.5,8,0,27,0,1
26,MIA,ATL,0.367,0.2,10,0,34,0,1
26,MIA,TOR,0.483,0.333,11,1,38,1,1
26,MIA,NYK,0.292,0,11,2,24,0,1
26,MIA,DET,0.6,0.5,8,2,39,1,1
26,MIA,OKC,0.5,0.4,4,3,23,1,1
26,MIA,ORL,0.68,0.6,11,1,51,1,1
26,MIA,CHA,0.538,0,8,0,19,1,1
26,MIA,LAC,0.4,0,6,0,12,1,1
26,MIA,IND,0.652,0.4,13,1,41,1,1
26,MIA,DET,0.412,0,8,0,16,1,1
26,MIA,BOS,0.476,0,7,0,22,0,1
26,MIA,IND,0.55,0.333,6,2,27,1,1
26,MIA,TOR,0.444,0,13,0,23,1,1
26,MIA,SAC,0.538,0.5,8,0,31,1,1
26,MIA,CHI,0.571,0,10,1,29,0,1
26,MIA,WAS,0.455,0,9,3,25,1,1
26,MIA,NYK,0.5,0.2,7,1,27,0,1
26,MIA,ORL,0.688,0,6,2,29,0,1
26,MIA,SAS,0.579,0.333,8,0,26,0,1
26,MIA,CHI,0.556,0.5,8,0,26,0,1
26,MIA,POR,0.7,0.5,11,0,31,0,1
26,MIA,LAL,0.412,0,8,0,19,1,1
26,MIA,MEM,0.625,0.5,5,2,27,1,1
26,MIA,SAS,0.421,0,6,2,21,1,1
26,MIA,OKC,0.381,0,8,1,19,0,1
26,MIA,ATL,0.762,0.714,2,0,43,1,1
26,MIA,DEN,0.6,0.25,6,0,33,1,1
26,MIA,DET,0.5,0,8,0,19,1,1
26,MIA,PHI,0.647,0.25,10,1,32,1,1
26,MIA,HOU,0.619,0,10,0,33,1,1
26,MIA,CLE,0.476,0.2,10,0,27,0,1
26,MIA,WAS,0.75,0.333,8,0,35,1,1
26,MIA,MIN,0.55,0,6,1,27,1,1
26,MIA,NJN,0.722,0,11,0,31,1,1
26,MIA,MIL,0.455,0.429,2,2,29,0,1
26,MIA,CHA,0.563,0,7,1,23,1,1
26,MIA,BOS,0.579,0,5,1,27,1,1
26,MIA,ATL,0.476,0.5,10,0,34,1,1
27,MIA,NYK,0.714,1,4,0,32,1,1
27,MIA,NYK,0.444,0,7,0,19,1,1
27,MIA,NYK,0.429,0.4,8,0,32,1,1
27,MIA,NYK,0.429,0.4,4,0,27,0,1
27,MIA,NYK,0.438,0.333,8,1,29,1,1
27,MIA,IND,0.462,0,15,1,32,1,1
27,MIA,IND,0.455,0,9,0,28,0,1
27,MIA,IND,0.455,0.25,7,0,22,0,1
27,MIA,IND,0.632,0.5,10,1,30,1,1
27,MIA,IND,0.522,0,6,0,28,1,1
27,MIA,BOS,0.591,0,13,3,32,1,1
27,MIA,BOS,0.35,0.333,10,1,34,1,1
27,MIA,BOS,0.615,0.25,8,2,34,0,1
27,MIA,BOS,0.48,0.333,6,1,29,0,1
27,MIA,BOS,0.44,0.333,13,1,30,0,1
27,MIA,BOS,0.731,0.5,15,0,45,1,1
27,MIA,BOS,0.429,0.2,12,1,31,1,1
27,MIA,OKC,0.458,0.333,9,0,30,0,1
27,MIA,OKC,0.455,0,8,0,32,1,1
27,MIA,OKC,0.478,0.25,14,0,29,1,1
27,MIA,OKC,0.5,0.25,9,0,26,1,1
27,MIA,OKC,0.474,0,11,2,26,1,1
27,MIA,MIN,0.615,0,8,1,34,1,1
27,MIA,NJN,0.647,0,7,1,32,1,1
27,MIA,GSW,0.526,0,11,0,26,0,1
27,MIA,LAC,0.368,0,13,0,23,0,1
27,MIA,DEN,0.65,0.6,5,1,35,0,1
27,MIA,SAS,0.571,0.667,5,0,33,1,1
27,MIA,LAL,0.444,0.667,8,3,31,1,1
27,MIA,MIL,0.444,0,13,0,28,0,1
27,MIA,CLE,0.381,0.25,5,0,18,1,1
27,MIA,DET,0.45,0.333,6,0,32,1,1
27,MIA,NYK,0.611,0,8,0,31,1,1
27,MIA,CHI,0.522,1,11,1,35,1,1
27,MIA,NOH,0.667,0.5,11,0,22,1,1
27,MIA,MIL,0.583,0.571,8,0,40,0,1
27,MIA,PHI,0.5,0,12,2,19,1,1
27,MIA,TOR,0.588,0,9,0,30,1,1
27,MIA,CLE,0.563,0,5,0,24,1,1
27,MIA,ORL,0.333,0,6,0,17,0,1
27,MIA,WAS,0.429,0,2,2,18,1,1
27,MIA,ATL,0.4,0.333,13,0,23,1,1
27,MIA,IND,0.467,0.4,9,0,23,1,1
27,MIA,CLE,0.579,0.6,5,1,28,1,1
27,MIA,ORL,0.643,0.5,11,0,25,1,1
27,MIA,SAC,0.636,1,4,2,18,1,1
27,MIA,POR,0.591,1,11,1,38,1,1
27,MIA,UTA,0.667,0.25,10,3,35,0,1
27,MIA,LAL,0.462,0,13,2,25,0,1
27,MIA,NJN,0.818,1,9,0,21,1,1
27,MIA,ATL,0.6,0,11,2,31,1,1
27,MIA,IND,0.421,0.667,8,1,27,1,1
27,MIA,ORL,0.35,0.5,11,1,19,0,1
27,MIA,CHI,0.56,0.667,5,0,35,0,1
27,MIA,PHI,0.6,0,7,2,29,1,1
27,MIA,ORL,0.286,0,12,0,14,1,1
27,MIA,PHO,0.444,0,8,2,20,1,1
27,MIA,DET,0.4,0,6,1,17,1,1
27,MIA,OKC,0.444,0,3,0,17,0,1
27,MIA,IND,0.429,0.5,9,0,24,0,1
27,MIA,DAL,0.5,0,9,0,19,1,1
27,MIA,TOR,0.611,0,4,0,26,1,1
27,MIA,PHI,0.6,0.5,6,1,41,1,1
27,MIA,OKC,0.5,0.429,7,1,34,1,1
27,MIA,MEM,0.421,0.333,6,0,21,0,1
27,MIA,DET,0.545,0.333,4,1,26,1,1
27,MIA,BOS,0.478,0.333,7,1,36,0,1
27,MIA,CHI,0.458,0.5,6,1,30,0,1
27,MIA,CHA,0.438,0,9,1,19,1,1
27,MIA,NYK,0.458,0.167,10,0,29,1,1
27,MIA,NJN,0.579,0.5,6,1,37,1,1
27,MIA,TOR,0.8,1,5,0,28,1,1
27,MIA,CHI,0.444,0.5,11,1,27,1,1
27,MIA,HOU,0.524,0.333,8,2,32,1,1
28,MIA,MIL,0.818,0.5,10,0,27,1,1
28,MIA,MIL,0.429,0,8,0,19,1,1
28,MIA,MIL,0.643,0.5,5,0,22,1,1
28,MIA,MIL,0.65,0,8,1,30,1,1
28,MIA,CHI,0.471,0.333,8,1,24,0,1
28,MIA,CHI,0.583,0.333,5,0,19,1,1
28,MIA,CHI,0.353,0.5,8,0,25,1,1
28,MIA,CHI,0.45,0.25,7,0,27,1,1
28,MIA,CHI,0.357,0.333,7,0,23,1,1
28,MIA,IND,0.5,0.333,10,3,30,1,1
28,MIA,IND,0.7,0.429,8,1,36,0,1
28,MIA,IND,0.471,0,4,0,22,1,1
28,MIA,IND,0.444,0.571,6,3,24,0,1
28,MIA,IND,0.5,0.429,8,1,30,1,1
28,MIA,IND,0.476,0.5,7,1,29,0,1
28,MIA,IND,0.471,0.5,8,1,32,1,1
28,MIA,SAS,0.438,0.2,18,0,18,0,1
28,MIA,SAS,0.412,0.333,8,3,17,1,1
28,MIA,SAS,0.6,0.5,11,2,33,1,1
28,MIA,SAS,0.364,0.5,6,0,25,0,1
28,MIA,SAS,0.423,0.2,10,1,32,1,1
28,MIA,SAS,0.522,0.5,12,0,37,1,1
27,MIA,BOS,0.625,0.5,10,0,26,1,1
27,MIA,NYK,0.5,0.667,7,3,23,0,1
27,MIA,DEN,0.471,0,9,2,20,1,1
27,MIA,PHO,0.588,0.667,11,0,23,1,1
27,MIA,BRK,0.583,0.667,12,0,20,1,1
27,MIA,ATL,0.588,0,11,0,21,1,1
27,MIA,MEM,0.526,0,10,1,20,0,1
27,MIA,HOU,0.538,0.625,10,0,38,1,1
27,MIA,LAC,0.522,0,5,2,30,0,1
27,MIA,DEN,0.478,0,7,3,27,1,1
27,MIA,PHO,0.4,0.333,7,0,21,1,1
27,MIA,MIL,0.524,0.5,10,1,28,1,1
27,MIA,CLE,0.625,0.4,6,1,30,1,1
27,MIA,SAS,0.563,0.4,9,0,23,1,1
27,MIA,BRK,0.533,0.5,9,0,21,1,1
27,MIA,WAS,0.5,0.25,13,2,26,0,1
27,MIA,NYK,0.55,0.6,10,0,31,0,1
27,MIA,ATL,0.625,0.5,7,0,27,1,1
27,MIA,GSW,0.522,0.5,3,0,31,0,1
27,MIA,WAS,0.533,0,10,0,23,1,1
27,MIA,MIN,0.444,0.4,6,4,22,1,1
27,MIA,DAL,0.692,0.6,9,1,24,1,1
27,MIA,UTA,0.55,1,9,0,30,1,1
27,MIA,OKC,0.6,0,8,1,29,1,1
27,MIA,CHA,0.474,0.5,12,2,27,1,1
27,MIA,DET,0.682,0.5,6,1,35,0,1
27,MIA,MIL,0.55,0.5,6,1,26,0,1
28,MIA,ORL,0.455,0.167,8,0,36,1,1
28,MIA,DAL,0.55,0.333,12,1,32,1,1
28,MIA,CHI,0.571,0.2,6,0,30,0,1
28,MIA,WAS,0.529,0.667,2,1,24,1,1
28,MIA,IND,0.5,1,10,2,22,0,1
28,MIA,POR,0.375,0.2,10,1,15,0,1
28,MIA,SAC,0.7,0,5,2,20,1,1
28,MIA,UTA,0.684,0.5,4,2,32,0,1
28,MIA,GSW,0.55,0.2,7,0,25,1,1
28,MIA,LAL,0.68,0.5,7,1,39,1,1
28,MIA,TOR,0.522,0.2,10,0,31,1,1
28,MIA,DET,0.643,0,7,0,23,1,1
28,MIA,BOS,0.452,0.5,16,1,34,0,1
28,MIA,BRK,0.556,0.75,9,0,24,1,1
28,MIA,IND,0.529,0.333,6,1,28,0,1
28,MIA,TOR,0.625,0.5,8,0,30,1,1
28,MIA,HOU,0.611,0.5,6,2,32,1,1
28,MIA,LAC,0.818,0.8,5,2,30,1,1
28,MIA,LAL,0.667,0.5,7,0,32,1,1
28,MIA,POR,0.733,0.333,6,2,30,1,1
28,MIA,OKC,0.583,0.5,12,0,39,1,1
28,MIA,ATL,0.533,0.25,6,0,24,1,1
28,MIA,CHI,0.733,0.25,12,0,26,1,1
28,MIA,PHI,0.583,0.25,10,0,16,1,1
28,MIA,CLE,0.526,0,3,0,28,1,1
28,MIA,SAC,0.609,0.5,8,1,40,1,1
28,MIA,MEM,0.286,0.5,8,1,18,1,1
28,MIA,NYK,0.522,0.333,11,1,29,1,1
28,MIA,MIN,0.563,0.25,10,2,20,1,1
28,MIA,ORL,0.5,0.167,3,1,26,1,1
28,MIA,PHI,0.588,0.667,10,2,25,1,1
28,MIA,ATL,0.273,0,7,0,15,1,1
28,MIA,PHI,0.421,0.25,7,1,27,1,1
28,MIA,MIL,0.5,0,10,1,28,1,1
28,MIA,TOR,0.5,0.333,12,0,22,1,1
28,MIA,BOS,0.552,0.25,7,2,37,1,1
28,MIA,CLE,0.364,0.429,12,2,25,1,1
28,MIA,DET,0.8,1,8,1,29,1,1
28,MIA,CHA,0.786,0,8,3,32,1,1
28,MIA,CHI,0.647,0.4,7,4,32,0,1
28,MIA,NOH,0.65,0.7,4,0,36,1,1
28,MIA,PHI,0.706,0.5,4,0,27,1,1
28,MIA,MIL,0.688,0,7,1,28,1,1
28,MIA,CHI,0.583,1,7,0,24,1,1
29,MIA,CHA,0.5,0.5,9,0,27,1,1
29,MIA,CHA,0.647,0.2,6,0,32,1,1
29,MIA,CHA,0.556,0.5,10,0,30,1,1
29,MIA,CHA,0.526,0.2,7,1,31,1,1
29,MIA,BRK,0.5,0,4,1,22,1,1
29,MIA,BRK,0.533,0.429,8,1,28,0,1
29,MIA,BRK,0.667,0.5,6,0,49,1,1
29,MIA,BRK,0.429,0.4,9,1,29,1,1
29,MIA,IND,0.611,0.2,10,0,25,0,1
29,MIA,IND,0.5,0.2,7,3,22,1,1
29,MIA,IND,0.643,0.5,5,0,26,1,1
29,MIA,IND,0.619,0.667,10,0,32,1,1
29,MIA,IND,0.2,0.333,2,1,7,0,1
29,MIA,SAS,0.529,0.667,6,0,25,0,1
29,MIA,SAS,0.636,1,10,0,35,1,1
29,MIA,SAS,0.643,0.5,5,0,22,0,1
29,MIA,SAS,0.588,0.5,8,0,28,0,1
29,MIA,SAS,0.476,0.333,10,2,31,0,1
28,MIA,CHI,0.455,0,6,0,17,1,1
28,MIA,PHI,0.529,0.571,4,0,25,0,1
28,MIA,BRK,0.579,0.5,7,1,26,0,1
28,MIA,WAS,0.643,0.6,3,0,25,1,1
28,MIA,TOR,0.65,0.333,8,1,35,1,1
28,MIA,LAC,0.462,0.333,5,0,18,1,1
28,MIA,MIL,0.619,0.571,3,0,33,1,1
28,MIA,DAL,0.778,1,6,0,39,1,1
28,MIA,ORL,0.455,0,6,1,21,1,1
28,MIA,ORL,0.538,0.5,9,0,22,1,1
28,MIA,PHO,0.786,0.5,5,1,35,1,1
28,MIA,CLE,0.474,0.333,8,0,28,1,1
28,MIA,TOR,0.588,0.6,6,1,27,1,1
28,MIA,CHA,0.615,0.333,5,1,26,1,1
28,MIA,DET,0.533,0.4,5,1,23,0,1
28,MIA,CHI,0.412,0.25,5,0,21,0,1
28,MIA,DET,0.667,0,7,0,24,1,1
28,MIA,IND,0.375,0.25,14,0,17,0,1
28,MIA,CLE,0.75,0,9,0,25,1,1
28,MIA,UTA,0.765,0,9,0,30,1,1
28,MIA,IND,0.571,0.333,9,0,24,1,1
28,MIA,SAC,0.727,0.5,6,1,18,1,1
28,MIA,ATL,0.571,0.444,8,0,38,1,1
28,MIA,LAL,0.5,0,8,0,19,1,1
28,MIA,SAC,0.522,0.444,8,0,33,0,1
29,MIA,DEN,0.533,0.556,6,1,26,1,1
29,MIA,GSW,0.625,0.25,5,1,26,0,1
29,MIA,ORL,0.385,0,8,0,15,1,1
29,MIA,NOP,0.591,0.5,3,0,32,1,1
29,MIA,NYK,0.706,0.25,5,1,32,0,1
29,MIA,BRK,0.571,0.4,7,0,36,0,1
29,MIA,WAS,0.444,0,8,0,25,0,1
29,MIA,PHI,0.538,0,8,1,21,1,1
29,MIA,CHA,0.52,0,8,0,34,1,1
29,MIA,ATL,0.524,0.429,4,0,30,0,1
29,MIA,BOS,0.526,0,8,0,29,1,1
29,MIA,LAL,0.6,0.5,13,0,27,1,1
29,MIA,SAS,0.533,0.333,7,0,18,1,1
29,MIA,OKC,0.6,0.2,3,0,34,0,1
29,MIA,NYK,0.591,0.333,8,0,30,1,1
29,MIA,DET,0.474,0,8,2,24,1,1
29,MIA,LAC,0.55,0.429,8,1,31,1,1
29,MIA,UTA,0.308,0.167,7,0,13,0,1
29,MIA,PHO,0.545,0.4,9,0,37,1,1
29,MIA,GSW,0.538,0.5,13,0,36,1,1
29,MIA,DAL,0.696,0.5,9,0,42,1,1
29,MIA,OKC,0.682,0.2,7,0,33,1,1
29,MIA,NYK,0.684,0.5,4,0,31,1,1
29,MIA,ORL,0.667,0,9,0,20,1,1
29,MIA,CHA,0.667,0.8,7,0,61,1,1
29,MIA,HOU,0.5,0,1,0,22,0,1
29,MIA,SAS,0.333,0,8,0,19,0,1
29,MIA,BRK,0.462,0.25,5,0,19,0,1
29,MIA,DEN,0.471,0,6,0,21,0,1
29,MIA,HOU,0.471,0.333,5,0,24,1,1
29,MIA,CLE,0.737,0.75,6,3,43,1,1
29,MIA,MEM,0.5,0,6,1,15,1,1
29,MIA,NOP,0.556,0.5,8,1,25,0,1
29,MIA,POR,0.565,0,6,0,32,1,1
29,MIA,IND,0.579,0.333,8,0,38,0,1
29,MIA,DET,0.538,0.333,10,0,17,1,1
29,MIA,MIL,0.5,0.333,7,0,13,1,1
29,MIA,TOR,0.55,0.167,7,0,32,1,1
29,MIA,MIL,0.583,0.333,4,1,17,1,1
29,MIA,MIN,0.5,0.5,8,1,34,0,1
29,MIA,NYK,0.591,0.429,5,0,38,1,1
29,MIA,BRK,0.563,0,10,0,29,0,1
29,MIA,MEM,0.609,0.6,6,0,37,0,1
29,MIA,IND,0.55,0.5,6,1,36,1,1
29,MIA,ATL,0.455,0.429,8,1,27,0,1
30,14_18CLE,BOS,0.444,0.333,6,1,20,1,1
30,14_18CLE,BOS,0.5,0.2,9,2,30,1,1
30,14_18CLE,BOS,0.5,0.2,11,2,31,1,1
30,14_18CLE,BOS,0.417,0.143,10,1,27,1,1
30,14_18CLE,CHI,0.409,0,15,1,19,0,1
30,14_18CLE,CHI,0.448,0,8,1,33,1,1
30,14_18CLE,CHI,0.32,0.143,8,1,27,0,1
30,14_18CLE,CHI,0.333,0.143,14,2,25,1,1
30,14_18CLE,CHI,0.583,0.2,12,3,38,1,1
30,14_18CLE,CHI,0.304,0,9,2,15,1,1
30,14_18CLE,ATL,0.462,0,8,0,31,1,1
30,14_18CLE,ATL,0.455,0.286,9,1,30,1,1
30,14_18CLE,ATL,0.378,0.167,18,0,37,1,1
30,14_18CLE,ATL,0.5,0.333,9,1,23,1,1
30,14_18CLE,GSW,0.474,0.25,8,0,44,0,1
30,14_18CLE,GSW,0.314,0.5,16,1,39,1,1
30,14_18CLE,GSW,0.412,0.333,12,2,40,1,1
30,14_18CLE,GSW,0.318,0.25,12,0,20,0,1
30,14_18CLE,GSW,0.441,0.375,14,0,40,0,1
30,14_18CLE,GSW,0.394,0.2,18,0,32,0,1
29,14_18CLE,NYK,0.333,0.2,5,0,17,0,1
29,14_18CLE,CHI,0.467,0.333,8,1,36,1,1
29,14_18CLE,POR,0.333,0.5,7,0,11,0,1
29,14_18CLE,UTA,0.444,0.6,3,0,31,0,1
29,14_18CLE,DEN,0.444,0.2,7,1,22,1,1
29,14_18CLE,NOP,0.529,0.333,11,1,32,1,1
29,14_18CLE,BOS,0.593,0.375,4,1,41,1,1
29,14_18CLE,ATL,0.65,0.8,6,1,32,1,1
29,14_18CLE,DEN,0.444,0.25,9,2,22,0,1
29,14_18CLE,SAS,0.353,0.667,6,1,15,0,1
29,14_18CLE,WAS,0.381,0.286,4,1,22,0,1
29,14_18CLE,TOR,0.5,0.25,1,1,15,0,1
29,14_18CLE,ORL,0.529,0.5,4,0,29,1,1
29,14_18CLE,WAS,0.5,0.2,10,0,29,1,1
29,14_18CLE,IND,0.5,0,2,0,19,1,1
29,14_18CLE,MIL,0.4,0,5,0,26,1,1
29,14_18CLE,NYK,0.412,0.167,5,0,19,1,1
29,14_18CLE,TOR,0.5,0.5,7,1,24,1,1
29,14_18CLE,BRK,0.471,0.333,4,0,18,1,1
29,14_18CLE,TOR,0.571,0.4,2,2,35,1,1
29,14_18CLE,NOP,0.708,1,5,1,41,0,1
29,14_18CLE,CHO,0.579,0.667,7,3,27,1,1
29,14_18CLE,ATL,0.5,0,3,0,21,0,1
29,14_18CLE,BRK,0.389,0.5,4,0,22,1,1
29,14_18CLE,MEM,0.6,0.6,1,1,25,1,1
29,14_18CLE,MIN,0.5,0.571,4,3,24,1,1
29,14_18CLE,MIA,0.563,0.25,4,0,30,0,1
29,14_18CLE,ORL,0.5,0,5,2,29,1,1
29,14_18CLE,DET,0.263,0.333,10,0,17,0,1
30,14_18CLE,PHO,0.611,0.375,7,0,33,0,1
30,14_18CLE,LAL,0.522,0.444,4,0,36,1,1
30,14_18CLE,LAC,0.478,0.375,11,0,32,1,1
30,14_18CLE,CHI,0.522,0,5,0,26,1,1
30,14_18CLE,UTA,0.5,0,7,0,26,1,1
30,14_18CLE,CHO,0.6,0.5,6,1,25,1,1
30,14_18CLE,OKC,0.44,0.333,7,2,34,1,1
30,14_18CLE,DET,0.458,0,6,0,32,1,1
30,14_18CLE,SAC,0.438,0.25,3,2,19,1,1
30,14_18CLE,MIN,0.56,0.375,6,1,36,1,1
30,14_18CLE,PHI,0.353,0.25,3,0,18,1,1
30,14_18CLE,LAC,0.571,0.5,3,0,23,1,1
30,14_18CLE,IND,0.476,0,6,1,25,0,1
30,14_18CLE,LAL,0.5,0.286,10,0,22,1,1
30,14_18CLE,MIA,0.375,0,9,0,18,1,1
30,14_18CLE,CHI,0.462,0.222,5,0,31,0,1
30,14_18CLE,WAS,0.571,0.6,5,0,28,1,1
30,14_18CLE,NYK,0.412,0.167,7,0,18,1,1
30,14_18CLE,DET,0.429,0.2,7,1,19,1,1
30,14_18CLE,GSW,0.6,0.444,11,1,42,1,1
30,14_18CLE,HOU,0.429,0.333,8,3,37,0,1
30,14_18CLE,BOS,0.522,0,3,1,27,1,1
30,14_18CLE,TOR,0.563,0.5,6,0,29,1,1
30,14_18CLE,ATL,0.385,0.25,6,1,18,0,1
30,14_18CLE,PHO,0.375,0.4,6,0,17,1,1
30,14_18CLE,DAL,0.714,0.667,7,1,27,1,1
30,14_18CLE,SAS,0.5,0.5,5,1,31,1,1
30,14_18CLE,ORL,0.643,0,8,1,21,1,1
30,14_18CLE,MIA,0.421,0.5,2,0,26,0,1
30,14_18CLE,BRK,0.385,0.5,3,0,16,1,1
30,14_18CLE,IND,0.5,0.333,7,0,29,1,1
30,14_18CLE,MIL,0.588,0.25,10,1,28,1,1
30,14_18CLE,MEM,0.467,0.6,8,0,20,1,1
30,14_18CLE,BRK,0.533,0.4,5,1,24,0,1
30,14_18CLE,PHI,0.333,0.25,11,1,20,1,1
30,14_18CLE,MIA,0.563,0.5,8,3,23,1,1
30,14_18CLE,CHI,0.471,0.333,10,1,20,1,1
30,14_18CLE,MIL,0.533,0.4,9,1,21,1,1
30,14_18CLE,BOS,0.357,0,3,0,14,0,1
30,14_18CLE,DET,0.412,0.75,10,1,21,1,1
31,14_18CLE,DET,0.529,0,6,2,22,1,1
31,14_18CLE,DET,0.667,0.5,6,0,27,1,1
31,14_18CLE,DET,0.333,0.167,13,1,20,1,1
31,14_18CLE,DET,0.474,0.167,11,0,22,1,1
31,14_18CLE,ATL,0.524,0.5,7,1,25,1,1
31,14_18CLE,ATL,0.6,0.667,4,0,27,1,1
31,14_18CLE,ATL,0.5,0.25,13,0,24,1,1
31,14_18CLE,ATL,0.435,0.2,10,1,21,1,1
31,14_18CLE,TOR,0.846,0,6,1,24,1,1
31,14_18CLE,TOR,0.538,0,11,0,23,1,1
31,14_18CLE,TOR,0.529,0.2,8,0,24,0,1
31,14_18CLE,TOR,0.688,0.333,9,1,29,0,1
31,14_18CLE,TOR,0.588,0.5,6,1,23,1,1
31,14_18CLE,TOR,0.591,0.5,11,3,33,1,1
31,14_18CLE,GSW,0.429,0.5,12,1,23,0,1
31,14_18CLE,GSW,0.412,0.2,8,1,19,0,1
31,14_18CLE,GSW,0.538,0.5,11,2,32,1,1
31,14_18CLE,GSW,0.524,0.2,13,3,25,0,1
31,14_18CLE,GSW,0.533,0.5,16,3,41,1,1
31,14_18CLE,GSW,0.593,0.5,8,3,41,1,1
31,14_18CLE,GSW,0.375,0.2,11,3,27,1,1
30,14_18CLE,CHI,0.545,0.2,10,0,25,0,1
30,14_18CLE,MEM,0.308,0,7,0,12,1,1
30,14_18CLE,MIA,0.684,0,5,0,29,1,1
30,14_18CLE,PHI,0.474,0,9,2,22,1,1
30,14_18CLE,NYK,0.391,0.2,5,1,23,1,1
30,14_18CLE,PHI,0.545,0.6,4,0,31,1,1
30,14_18CLE,IND,0.435,0,6,0,29,1,1
30,14_18CLE,UTA,0.579,0.333,7,0,31,1,1
30,14_18CLE,NYK,0.571,0,3,1,31,1,1
30,14_18CLE,MIL,0.481,0.455,12,3,37,0,1
30,14_18CLE,DET,0.524,0.571,6,0,30,0,1
30,14_18CLE,MIL,0.692,1,9,0,27,1,1
30,14_18CLE,ATL,0.533,0.5,11,2,19,1,1
30,14_18CLE,ORL,0.5,0,6,0,15,1,1
30,14_18CLE,TOR,0.375,0.2,6,0,24,0,1
30,14_18CLE,CHO,0.4,0.4,13,0,25,1,1
30,14_18CLE,BRK,0.455,0.167,9,0,26,1,1
30,14_18CLE,WAS,0.4,0,13,1,24,0,1
30,14_18CLE,NOP,0.448,0.2,7,1,37,0,1
30,14_18CLE,POR,0.583,0.333,10,3,33,1,1
30,14_18CLE,ORL,0.667,0,3,0,25,1,1
30,14_18CLE,BOS,0.5,0,7,1,24,1,1
30,14_18CLE,OKC,0.444,0.4,9,0,33,1,1
30,14_18CLE,PHI,0.588,0,5,1,23,1,1
30,14_18CLE,NYK,0.409,0,9,0,24,1,1
30,14_18CLE,GSW,0.385,0.2,9,2,25,0,1
30,14_18CLE,POR,0.308,0,4,0,12,0,1
30,14_18CLE,PHO,0.4,0.2,4,1,14,1,1
30,14_18CLE,DEN,0.542,0.333,6,1,34,1,1
31,14_18CLE,ORL,0.611,0.571,5,0,29,1,1
31,14_18CLE,TOR,0.636,0.5,2,0,20,1,1
31,14_18CLE,WAS,0.545,0.444,10,1,34,1,1
31,14_18CLE,MIN,0.417,0,12,2,13,1,1
31,14_18CLE,PHI,0.682,0.6,7,0,37,1,1
31,14_18CLE,DAL,0.529,0.5,10,0,27,1,1
31,14_18CLE,SAS,0.529,0.333,7,0,22,0,1
31,14_18CLE,HOU,0.5,0.5,7,2,19,1,1
31,14_18CLE,GSW,0.438,0,5,1,16,0,1
31,14_18CLE,BRK,0.583,1,1,1,17,1,1
31,14_18CLE,LAC,0.529,0.25,5,0,22,1,1
31,14_18CLE,CHI,0.407,0,13,1,26,0,1
31,14_18CLE,MIN,0.733,1,4,1,25,1,1
31,14_18CLE,PHO,0.875,0,3,0,21,1,1
31,14_18CLE,DET,0.438,0,9,0,20,1,1
31,14_18CLE,SAS,0.588,0,5,2,29,1,1
31,14_18CLE,IND,0.409,0,12,1,24,1,1
31,14_18CLE,CHO,0.476,0,6,2,23,0,1
31,14_18CLE,BOS,0.391,0,7,1,30,0,1
31,14_18CLE,NOP,0.55,0.4,3,0,27,1,1
31,14_18CLE,SAC,0.5,0.5,10,1,21,1,1
31,14_18CLE,LAL,0.545,0.5,7,0,29,1,1
31,14_18CLE,CHI,0.579,0,9,1,25,1,1
31,14_18CLE,OKC,0.5,0.4,7,0,25,1,1
31,14_18CLE,DET,0.278,0,8,0,12,0,1
31,14_18CLE,CHO,0.615,0.5,7,0,23,1,1
31,14_18CLE,TOR,0.5,0.5,8,0,25,0,1
31,14_18CLE,IND,0.636,0.5,5,0,33,1,1
31,14_18CLE,WAS,0.389,0.25,13,0,19,1,1
31,14_18CLE,BOS,0.55,0.25,11,1,28,1,1
31,14_18CLE,MEM,0.579,0.5,9,0,28,0,1
31,14_18CLE,SAC,0.421,0.2,11,0,25,1,1
31,14_18CLE,LAL,0.5,0.25,5,2,24,1,1
31,14_18CLE,LAC,0.6,0.75,6,0,27,1,1
31,14_18CLE,UTA,0.5,0.333,12,0,23,0,1
31,14_18CLE,ORL,0.4,0,7,1,18,1,1
31,14_18CLE,DEN,0.632,0.5,11,0,33,1,1
31,14_18CLE,MIL,0.409,0.25,6,1,26,1,1
31,14_18CLE,BRK,0.813,0.5,6,0,30,0,1
31,14_18CLE,NYK,0.476,0.667,11,2,27,1,1
31,14_18CLE,ATL,0.462,0.2,16,1,29,1,1
31,14_18CLE,MIL,0.778,0.5,5,1,17,1,1
31,14_18CLE,CHI,0.765,0.8,7,1,33,0,1
31,14_18CLE,ATL,0.813,0.75,6,1,34,1,1
32,14_18CLE,IND,0.6,0.667,6,0,32,1,1
32,14_18CLE,IND,0.55,0,10,4,25,1,1
32,14_18CLE,IND,0.519,0.5,13,2,41,1,1
32,14_18CLE,IND,0.52,0.333,10,2,33,1,1
32,14_18CLE,TOR,0.565,0.4,10,1,35,1,1
32,14_18CLE,TOR,0.714,0.667,6,2,39,1,1
32,14_18CLE,TOR,0.563,0.5,8,0,35,1,1
32,14_18CLE,TOR,0.5,0.417,9,1,35,1,1
32,14_18CLE,BOS,0.583,0.167,9,0,38,1,1
32,14_18CLE,BOS,0.667,0.667,4,3,30,1,1
32,14_18CLE,BOS,0.308,0,6,1,11,0,1
32,14_18CLE,BOS,0.556,0.167,5,1,34,1,1
32,14_18CLE,BOS,0.722,0.571,8,1,35,1,1
32,14_18CLE,GSW,0.45,0.333,15,2,28,0,1
32,14_18CLE,GSW,0.667,0.333,11,1,29,0,1
32,14_18CLE,GSW,0.556,0.444,11,1,39,0,1
32,14_18CLE,GSW,0.5,0.375,10,0,31,1,1
32,14_18CLE,GSW,0.633,0.4,13,1,41,0,1
31,14_18CLE,NYK,0.643,0,11,1,19,1,1
31,14_18CLE,TOR,0.438,0.333,8,0,21,1,1
31,14_18CLE,ORL,0.438,0.333,6,1,23,1,1
31,14_18CLE,HOU,0.5,0.333,13,0,19,1,1
31,14_18CLE,BOS,0.545,0.25,7,0,30,1,1
31,14_18CLE,PHI,0.391,0.2,8,1,25,1,1
31,14_18CLE,ATL,0.471,0.4,9,0,23,0,1
31,14_18CLE,WAS,0.5,0.75,10,2,27,1,1
31,14_18CLE,CHO,0.381,0.4,8,1,19,1,1
31,14_18CLE,TOR,0.667,0.4,9,0,28,1,1
31,14_18CLE,DET,0.643,0.333,3,1,21,1,1
31,14_18CLE,POR,0.524,0.667,10,0,31,1,1
31,14_18CLE,DAL,0.462,0.4,5,0,19,1,1
31,14_18CLE,PHI,0.474,0.25,10,0,26,1,1
31,14_18CLE,MIL,0.5,0.375,4,0,22,0,1
31,14_18CLE,LAC,0.357,0,5,0,16,0,1
31,14_18CLE,TOR,0.462,0.286,8,0,34,1,1
31,14_18CLE,NYK,0.7,0.5,6,2,25,1,1
31,14_18CLE,MIA,0.545,0.333,8,0,27,1,1
31,14_18CLE,CHO,0.708,0.5,9,1,44,1,1
31,14_18CLE,MEM,0.529,0,6,0,23,1,1
31,14_18CLE,LAL,0.5,0.4,7,2,26,1,1
31,14_18CLE,MIL,0.48,0.556,12,1,34,1,1
31,14_18CLE,MIL,0.5,0.571,9,0,29,1,1
31,14_18CLE,BRK,0.438,0,4,0,19,1,1
31,14_18CLE,GSW,0.545,0.5,13,1,31,1,1
31,14_18CLE,BOS,0.5,0.333,8,3,23,1,1
32,14_18CLE,CHO,0.48,0.5,6,0,32,1,1
32,14_18CLE,NOP,0.429,0,7,1,26,1,1
32,14_18CLE,CHI,0.571,0.5,8,0,31,0,1
32,14_18CLE,BRK,0.7,0,9,0,36,1,1
32,14_18CLE,PHO,0.647,0.5,8,0,28,1,1
32,14_18CLE,UTA,0.5,0.5,6,0,29,0,1
32,14_18CLE,POR,0.417,0.4,11,1,20,0,1
32,14_18CLE,SAC,0.5,0.25,2,1,16,1,1
32,14_18CLE,GSW,0.333,0.25,8,0,20,0,1
32,14_18CLE,PHO,0.667,0,9,2,21,1,1
32,14_18CLE,SAS,0.688,0.4,6,0,29,0,1
32,14_18CLE,NOP,0.524,0.25,10,0,26,0,1
32,14_18CLE,SAC,0.533,0,13,1,24,0,1
32,14_18CLE,BRK,0.722,0.333,5,0,31,1,1
32,14_18CLE,OKC,0.5,0,14,0,25,1,1
32,14_18CLE,DAL,0.474,0.167,9,0,23,0,1
32,14_18CLE,MIN,0.786,0.5,8,1,27,1,1
32,14_18CLE,NYK,0.6,0.5,5,0,32,1,1
32,14_18CLE,WAS,0.667,0.75,7,2,32,1,1
32,14_18CLE,IND,0.563,0.5,6,1,25,1,1
32,14_18CLE,OKC,0.421,0.25,5,2,18,0,1
32,14_18CLE,DEN,0.688,1,5,0,27,1,1
32,14_18CLE,MIN,0.714,0.667,8,0,25,1,1
32,14_18CLE,IND,0.706,0.8,5,0,31,1,1
32,14_18CLE,NYK,0.636,0,13,3,18,1,1
32,14_18CLE,MIL,0.667,0.5,10,0,24,1,1
32,14_18CLE,BOS,0.476,0.5,13,1,28,0,1
32,14_18CLE,ATL,0.519,0.6,13,0,38,1,1
32,14_18CLE,MIA,0.5,0.4,17,1,30,0,1
32,14_18CLE,DET,0.545,0,14,0,29,0,1
32,14_18CLE,ORL,0.571,0.4,12,1,24,1,1
32,14_18CLE,HOU,0.6,0.364,7,0,30,0,1
32,14_18CLE,DET,0.5,0,11,0,16,1,1
32,14_18CLE,UTA,0.65,0.4,10,1,33,1,1
32,14_18CLE,LAL,0.591,0.375,6,0,34,1,1
32,14_18CLE,DEN,0.667,0,6,0,18,0,1
32,14_18CLE,CHO,0.643,0,9,2,32,1,1
32,14_18CLE,WAS,0.476,0,11,1,24,0,1
32,14_18CLE,SAS,0.412,0,8,0,17,0,1
32,14_18CLE,CHI,0.55,0.143,10,1,26,0,1
32,14_18CLE,PHI,0.636,0.429,9,0,34,1,1
32,14_18CLE,IND,0.552,0.3,14,1,41,1,1
32,14_18CLE,ORL,0.5,0,11,1,18,1,1
32,14_18CLE,BOS,0.636,0.25,10,2,36,1,1
32,14_18CLE,ATL,0.8,0.5,8,0,27,0,1
32,14_18CLE,ATL,0.524,0.333,16,0,32,0,1
33,14_18CLE,IND,0.412,0,10,1,24,0,1
33,14_18CLE,IND,0.708,0.4,12,0,46,1,1
33,14_18CLE,IND,0.455,0.571,12,1,28,0,1
33,14_18CLE,IND,0.545,0,13,2,32,1,1
33,14_18CLE,IND,0.583,0.25,10,1,44,1,1
33,14_18CLE,IND,0.438,0.5,5,2,22,0,1
33,14_18CLE,IND,0.64,0.667,8,0,45,1,1
33,14_18CLE,TOR,0.4,0.125,11,2,26,1,1
33,14_18CLE,TOR,0.679,0.333,8,0,43,1,1
33,14_18CLE,TOR,0.538,0.25,6,1,38,1,1
33,14_18CLE,TOR,0.632,0,8,1,29,1,1
33,14_18CLE,BOS,0.313,0,7,2,15,0,1
33,14_18CLE,BOS,0.552,0.455,10,1,42,0,1
33,14_18CLE,BOS,0.667,1,5,2,27,1,1
33,14_18CLE,BOS,0.607,0.25,5,0,44,1,1
33,14_18CLE,BOS,0.5,0.167,10,0,26,0,1
33,14_18CLE,BOS,0.515,0.714,11,1,46,1,1
33,14_18CLE,BOS,0.5,0.375,15,2,35,1,1
33,14_18CLE,GSW,0.594,0.429,8,1,51,0,1
33,14_18CLE,GSW,0.5,0.5,9,0,29,0,1
33,14_18CLE,GSW,0.464,0.167,10,2,33,0,1
33,14_18CLE,GSW,0.538,0,7,1,23,0,1
32,14_18CLE,BOS,0.632,0.2,16,2,29,1,1
32,14_18CLE,MIL,0.625,0.5,5,1,24,1,1
32,14_18CLE,ORL,0.533,0.333,4,1,22,0,1
32,14_18CLE,CHI,0.65,0.667,2,0,34,1,1
32,14_18CLE,BRK,0.6,0.5,10,4,29,0,1
32,14_18CLE,NOP,0.545,0.333,3,0,18,0,1
32,14_18CLE,NYK,0.467,0.25,10,0,16,0,1
32,14_18CLE,IND,0.636,0.2,6,1,33,0,1
32,14_18CLE,WAS,0.676,0.5,11,2,57,1,1
32,14_18CLE,ATL,0.588,0,5,2,26,0,1
32,14_18CLE,MIL,0.5,0.5,8,0,30,1,1
32,14_18CLE,HOU,0.625,0.25,4,1,33,0,1
32,14_18CLE,DAL,0.429,0.333,11,1,19,1,1
32,14_18CLE,NYK,0.5,0.5,9,3,23,1,1
32,14_18CLE,CHO,0.5,0.571,6,1,31,1,1
32,14_18CLE,LAC,0.654,0.444,14,0,39,1,1
32,14_18CLE,DET,0.5,0.6,2,1,18,1,1
32,14_18CLE,BRK,0.647,0.571,6,0,33,1,1
32,14_18CLE,CHO,0.5,0.375,16,3,27,1,1
32,14_18CLE,PHI,0.522,0.429,14,0,30,1,1
32,14_18CLE,MIA,0.625,0.333,12,1,21,1,1
32,14_18CLE,ATL,0.727,0.5,6,2,24,1,1
32,14_18CLE,MEM,0.591,0,2,1,34,1,1
32,14_18CLE,CHI,0.6,0.5,7,0,23,1,1
32,14_18CLE,SAC,0.667,0.625,11,2,32,1,1
32,14_18CLE,IND,0.545,0.2,10,2,29,0,1
32,14_18CLE,PHI,0.391,0.333,13,0,30,1,1
32,14_18CLE,ATL,0.846,0.667,7,0,25,1,1
32,14_18CLE,LAL,0.444,0.167,12,2,25,1,1
32,14_18CLE,UTA,0.6,0.25,11,0,29,1,1
32,14_18CLE,WAS,0.348,0.286,11,1,20,1,1
32,14_18CLE,MIL,0.636,0.545,1,2,39,0,1
32,14_18CLE,CHI,0.522,0.4,6,0,34,1,1
32,14_18CLE,GSW,0.389,0.286,6,0,20,0,1
32,14_18CLE,SAC,0.353,0,10,0,16,0,1
33,14_18CLE,UTA,0.545,0.143,8,1,29,0,1
33,14_18CLE,POR,0.588,0,6,1,24,1,1
33,14_18CLE,BOS,0.533,0,7,1,19,0,1
33,14_18CLE,ORL,0.522,0.571,10,1,33,1,1
33,14_18CLE,MIN,0.5,0.333,8,2,10,0,1
33,14_18CLE,TOR,0.563,0,3,2,26,0,1
33,14_18CLE,IND,0.44,0.222,8,1,27,0,1
33,14_18CLE,GSW,0.667,0,8,4,32,0,1
33,14_18CLE,ORL,0.438,0,5,0,16,1,1
33,14_18CLE,OKC,0.471,0,3,1,18,0,1
33,14_18CLE,SAS,0.435,0.333,9,1,28,0,1
33,14_18CLE,IND,0.647,0,10,1,26,1,1
33,14_18CLE,DET,0.533,0.25,8,0,25,1,1
33,14_18CLE,DET,0.45,0.286,6,1,21,0,1
33,14_18CLE,MIA,0.381,0.167,11,0,24,1,1
33,14_18CLE,HOU,0.3,0.5,9,1,11,0,1
33,14_18CLE,ORL,0.588,0.5,10,0,25,0,1
33,14_18CLE,MIN,0.727,0.714,10,1,37,1,1
33,14_18CLE,ATL,0.4,0,12,0,22,1,1
33,14_18CLE,BOS,0.45,0.4,8,1,24,1,1
33,14_18CLE,OKC,0.609,0.429,8,1,37,1,1
33,14_18CLE,WAS,0.722,0.25,9,0,32,0,1
33,14_18CLE,MEM,0.438,0,14,0,18,1,1
33,14_18CLE,SAS,0.56,0.4,13,0,33,0,1
33,14_18CLE,BRK,0.52,0.5,12,0,31,1,1
33,14_18CLE,PHI,0.5,0.333,9,0,30,0,1
33,14_18CLE,DEN,0.421,0.25,10,0,25,0,1
33,14_18CLE,DET,0.647,0.714,7,0,31,1,1
33,14_18CLE,DEN,0.6,0.625,8,0,39,1,1
33,14_18CLE,LAC,0.55,0.429,10,3,25,0,1
33,14_18CLE,LAL,0.45,0.25,10,1,24,0,1
33,14_18CLE,PHO,0.5,0.5,12,2,28,1,1
33,14_18CLE,POR,0.6,0.25,14,3,35,0,1
33,14_18CLE,CHI,0.577,0.25,13,2,33,1,1
33,14_18CLE,MIL,0.552,0.429,12,1,40,1,1
33,14_18CLE,TOR,0.579,0.333,7,0,35,1,1
33,14_18CLE,PHO,0.688,0.25,6,1,27,1,1
33,14_18CLE,BRK,0.737,0.25,10,0,37,1,1
33,14_18CLE,MIA,0.389,0,6,0,18,0,1
33,14_18CLE,CHO,0.538,0.5,10,0,41,1,1
33,14_18CLE,NOP,0.5,0,9,0,27,1,1
33,14_18CLE,DAL,0.238,0.667,13,0,16,1,1
33,14_18CLE,TOR,0.571,0.5,10,0,27,1,1
33,14_18CLE,WAS,0.6,0.286,9,0,33,1,1
33,14_18CLE,PHI,0.586,0.5,11,1,44,0,1
33,14_18CLE,NYK,0.438,0.5,6,0,26,1,1
33,14_18CLE,NYK,0.444,0,5,0,10,0,1
33,LAL,POR,0.563,0,12,0,26,0,1
33,LAL,HOU,0.409,0.143,5,1,24,0,1
33,LAL,SAS,0.44,0.25,8,1,32,0,1
33,LAL,PHO,0.438,0.2,7,0,19,1,1
33,LAL,DEN,0.588,0.2,11,0,28,1,1
33,LAL,SAS,0.619,0.333,11,0,35,0,1
33,LAL,MIN,0.478,0.5,10,2,29,0,1
33,LAL,DAL,0.579,0.667,5,0,29,1,1
33,LAL,POR,0.45,0.2,5,2,28,1,1
33,LAL,TOR,0.5,0.667,2,1,18,0,1
33,LAL,MIN,0.476,0.333,11,2,24,1,1
33,LAL,SAC,0.556,0.5,7,0,25,1,1
33,LAL,ATL,0.5,0.333,7,0,26,1,1
33,LAL,POR,0.684,0.833,10,3,44,1,1
33,LAL,ORL,0.421,0.5,4,1,22,0,1
33,LAL,MIA,0.613,0.75,8,1,51,1,1
33,LAL,CLE,0.55,0.333,14,1,32,1,1
33,LAL,UTA,0.471,0.4,10,1,22,1,1
33,LAL,ORL,0.571,0.286,4,1,24,0,1
33,LAL,DEN,0.333,0,7,2,14,0,1
33,LAL,IND,0.556,0.286,9,0,38,1,1
33,LAL,DAL,0.571,0.5,5,1,28,1,1
33,LAL,PHO,0.529,0.2,6,1,22,1,1
33,LAL,SAS,0.625,0.429,5,0,42,1,1
33,LAL,SAS,0.464,0.375,8,0,35,0,1
33,LAL,MEM,0.5,0,8,0,20,1,1
33,LAL,MIA,0.526,0.571,9,0,28,1,1
33,LAL,HOU,0.667,0.5,5,0,29,0,1
33,LAL,CHO,0.467,0.333,12,0,24,1,1
33,LAL,WAS,0.313,0,6,1,13,0,1
33,LAL,BRK,0.565,0.286,13,1,36,0,1
33,LAL,NOP,0.4,0,12,0,22,1,1
33,LAL,MEM,0.571,0.4,14,1,22,0,1
33,LAL,GSW,0.545,0,13,0,17,1,1
34,LAL,LAC,0.409,0.167,14,0,24,1,1
34,LAL,IND,0.583,0.4,7,0,18,0,1
34,LAL,BOS,0.524,0.5,12,0,28,1,1
34,LAL,ATL,0.4,0.3,11,1,28,0,1
34,LAL,HOU,0.478,0,12,1,29,1,1
34,LAL,NOP,0.647,0.5,7,1,27,0,1
34,LAL,MEM,0.348,0,12,0,24,0,1
34,LAL,NOP,0.542,0.444,6,1,33,1,1
34,LAL,MIL,0.526,0.375,7,0,31,0,1
34,LAL,PHO,0.476,0.444,9,0,27,0,1
34,LAL,LAC,0.5,0.167,8,1,27,0,1
34,LAL,DEN,0.591,0.286,7,1,31,0,1
34,LAL,BOS,0.565,0.2,10,0,30,0,1
34,LAL,CHI,0.652,0.5,10,0,36,1,1
34,LAL,TOR,0.522,0.2,4,0,29,0,1
34,LAL,NYK,0.423,0,6,1,33,0,1
34,LAL,BRK,0.32,0.143,9,1,25,0,1
34,LAL,SAC,0.409,0.5,11,1,29,1,1
34,LAL,WAS,0.55,0.167,7,0,23,1,1
34,LAL,CHO,0.579,0.571,3,0,27,1,1
35,LAL,POR,0.45,0.2,17,0,23,0,1
35,LAL,POR,0.364,0,6,0,10,1,1
35,LAL,POR,0.611,0.5,12,0,38,1,1
35,LAL,POR,0.833,0.8,6,1,30,1,1
35,LAL,POR,0.737,0.571,10,1,36,1,1
35,LAL,HOU,0.467,0.286,8,2,20,0,1
35,LAL,HOU,0.588,0.2,11,2,28,1,1
35,LAL,HOU,0.565,0.444,7,4,36,1,1
35,LAL,HOU,0.412,0,15,0,16,1,1
35,LAL,HOU,0.5,0.375,11,1,29,1,1
35,LAL,DEN,0.545,0,6,0,15,1,1
35,LAL,DEN,0.5,0.375,11,2,26,1,1
35,LAL,DEN,0.609,0.25,10,2,30,0,1
35,LAL,DEN,0.389,0.333,9,0,26,1,1
35,LAL,DEN,0.6,0.25,16,0,38,1,1
35,LAL,MIA,0.529,0.5,13,0,25,1,1
35,LAL,MIA,0.56,0.375,9,1,33,1,1
35,LAL,MIA,0.563,0.2,10,2,25,0,1
35,LAL,MIA,0.5,0.4,12,0,28,1,1
35,LAL,MIA,0.714,0.667,13,0,40,0,1
35,LAL,MIA,0.65,0.2,14,0,28,1,1
34,LAL,LAC,0.368,0.2,10,1,18,0,1
34,LAL,UTA,0.545,0.25,7,0,32,1,1
34,LAL,CHO,0.5,0.333,6,0,20,1,1
34,LAL,MEM,0.533,0.4,2,1,23,1,1
34,LAL,DAL,0.565,0.444,12,1,39,1,1
34,LAL,SAS,0.348,0,11,1,21,1,1
34,LAL,CHI,0.526,0.333,10,1,30,1,1
34,LAL,MIA,0.526,0.571,4,0,25,1,1
34,LAL,TOR,0.333,0,13,1,13,0,1
34,LAL,PHO,0.444,0.25,7,0,19,1,1
34,LAL,GSW,0.524,0.2,6,1,23,1,1
34,LAL,SAC,0.5,0.286,4,0,29,1,1
34,LAL,ATL,0.619,0.6,7,1,33,1,1
34,LAL,OKC,0.476,0.4,11,0,25,1,1
34,LAL,OKC,0.45,0.333,6,1,23,1,1
34,LAL,SAS,0.542,0.571,4,1,33,1,1
34,LAL,NOP,0.556,0.333,5,1,29,1,1
34,LAL,WAS,0.563,0.5,3,1,23,1,1
34,LAL,DAL,0.55,0,9,0,25,0,1
34,LAL,DEN,0.5,0.25,6,0,25,1,1
34,LAL,UTA,0.429,0.167,4,0,20,1,1
34,LAL,POR,0.478,0.444,7,1,31,1,1
34,LAL,MIN,0.6,0.75,4,0,32,1,1
34,LAL,ORL,0.458,0.167,11,0,25,1,1
34,LAL,MIA,0.5,0.5,9,0,28,1,1
34,LAL,ATL,0.571,0.4,13,3,32,1,1
34,LAL,IND,0.4,0,9,0,20,0,1
34,LAL,MIL,0.421,0.429,12,0,21,0,1
34,LAL,LAC,0.375,0.167,9,1,23,0,1
34,LAL,POR,0.467,0.25,7,1,21,1,1
34,LAL,DAL,0.3,0.5,6,0,13,1,1
35,LAL,PHO,0.524,0.25,13,1,31,1,1
35,LAL,NOP,0.412,0.333,8,0,17,1,1
35,LAL,DET,0.476,0,14,0,21,1,1
35,LAL,NYK,0.474,0.5,5,1,31,1,1
35,LAL,DAL,0.56,0.5,16,0,35,1,1
35,LAL,CLE,0.75,0.333,2,0,31,1,1
35,LAL,ORL,0.368,0.222,3,0,19,0,1
35,LAL,HOU,0.52,0.286,5,0,31,1,1
35,LAL,BOS,0.417,0,7,0,15,0,1
35,LAL,NYK,0.563,0.4,6,0,21,1,1
35,LAL,BRK,0.579,0.5,11,1,27,1,1
35,LAL,PHI,0.5,0.167,7,0,29,0,1
35,LAL,POR,0.409,0.375,8,1,22,0,1
35,LAL,SAC,0.4,0.25,10,0,15,1,1
35,LAL,SAS,0.6,0.667,7,0,36,1,1
35,LAL,HOU,0.421,0.125,9,0,18,0,1
35,LAL,GSW,0.412,0.375,8,0,22,1,1
35,LAL,PHO,0.375,0.5,8,0,17,1,1
35,LAL,DEN,0.517,0.143,12,0,32,1,1
35,LAL,MEM,0.588,0.25,3,2,32,1,1
35,LAL,BOS,0.474,0.4,8,0,29,1,1
35,LAL,NOP,0.63,0.455,8,1,40,1,1
35,LAL,MEM,0.444,0.25,8,1,19,0,1
35,LAL,NOP,0.667,0.6,12,0,34,1,1
35,LAL,PHI,0.563,0.4,7,2,22,1,1
35,LAL,MIL,0.571,0.143,8,0,37,1,1
35,LAL,LAC,0.412,0.333,8,2,28,1,1
35,LAL,BRK,0.545,0.444,12,0,29,0,1
35,LAL,LAC,0.316,0.286,11,1,16,1,1
35,LAL,TOR,0.467,0.4,10,1,20,0,1
35,LAL,UTA,0.563,0.4,8,1,22,1,1
35,LAL,OKC,0.368,0,11,0,19,0,1
35,LAL,IND,0.542,0.333,8,1,31,0,1
35,LAL,DEN,0.429,0.455,1,2,29,1,1
35,LAL,SAC,0.462,0.4,3,0,17,0,1
36,LAL,PHO,0.462,0.429,7,0,18,0,1
36,LAL,PHO,0.563,0.444,4,0,23,1,1
36,LAL,PHO,0.474,0.2,6,0,21,1,1
36,LAL,PHO,0.476,0.143,12,0,25,0,1
36,LAL,PHO,0.423,0.3,9,2,29,0,1
35,LAL,LAC,0.412,0.375,5,0,22,0,1
35,LAL,DAL,0.444,0.375,7,0,22,1,1
35,LAL,MIN,0.462,0.2,9,0,18,1,1
35,LAL,POR,0.55,0.429,9,1,29,0,1
36,LAL,SAS,0.478,0.333,5,1,26,1,1
36,LAL,SAS,0.364,0.429,11,0,26,1,1
36,LAL,MEM,0.563,0.5,13,0,22,1,1
36,LAL,MEM,0.55,0.25,12,1,26,1,1
36,LAL,SAS,0.533,0.571,6,0,27,0,1
36,LAL,CHI,0.524,0,7,0,28,1,1
36,LAL,HOU,0.467,0.167,7,1,18,1,1
36,LAL,HOU,0.5,0.444,8,1,26,1,1
36,LAL,OKC,0.45,0.625,6,0,26,1,1
36,LAL,NOP,0.545,0.333,8,0,21,1,1
36,LAL,GSW,0.375,0.286,5,0,19,0,1
36,LAL,MIL,0.52,0.6,6,1,34,1,1
36,LAL,CHI,0.375,0,11,0,17,1,1
36,LAL,CLE,0.731,0.636,8,2,46,1,1
36,LAL,PHI,0.545,0.4,6,0,34,0,1
36,LAL,DET,0.421,0.5,7,0,22,0,1
36,LAL,BOS,0.412,0.364,7,1,21,1,1
36,LAL,ATL,0.417,0.333,7,1,21,1,1
36,LAL,DEN,0.632,0.4,10,1,27,1,1
36,LAL,DET,0.5,0.429,5,0,33,1,1
36,LAL,OKC,0.5,0.2,14,2,28,1,1
36,LAL,OKC,0.45,0.333,6,0,25,1,1
36,LAL,MEM,0.6,0.25,9,0,28,1,1
36,LAL,DEN,0.5,0,10,1,22,0,1
36,LAL,MIN,0.65,0.25,13,1,30,1,1
36,LAL,BRK,0.609,0.167,8,0,32,0,1
36,LAL,MIA,0.333,0.125,9,1,19,0,1
36,LAL,WAS,0.483,0.2,9,0,31,0,1
36,LAL,UTA,0.538,0.2,4,0,19,0,1
36,LAL,POR,0.524,0.4,11,3,28,1,1
36,LAL,GSW,0.583,0.6,6,2,19,1,1
36,LAL,PHO,0.667,0.375,5,1,38,0,1
36,LAL,IND,0.385,0.25,3,0,18,1,1
36,LAL,GSW,0.615,0.5,10,0,22,1,1
36,LAL,MIN,0.571,0.571,12,1,25,1,1
36,LAL,CHO,0.609,0.444,8,1,37,1,1
36,LAL,ATL,0.5,0.5,1,0,10,0,1
36,LAL,SAC,0.5,0.2,8,1,16,0,1
36,LAL,TOR,0.545,0.4,7,0,19,0,1
36,LAL,IND,0.5,0.25,7,0,24,1,1
36,LAL,NOP,0.5,0.4,1,0,25,1,1
36,LAL,GSW,0.565,0.455,11,1,34,0,1
36,LAL,PHO,0.444,0.556,2,0,25,0,1
36,LAL,MEM,0.368,0.444,6,2,19,1,1
36,LAL,CLE,0.455,0.1,3,1,26,1,1
36,LAL,HOU,0.316,0,7,1,15,1,1
36,LAL,HOU,0.619,0.5,4,0,30,1,1
36,LAL,BOS,0.625,0.429,6,0,23,0,1
36,LAL,DET,0.571,0.333,1,0,10,1,1
36,LAL,IND,0.448,0.417,5,2,39,1,1
36,LAL,SAC,0.4,0.154,7,0,30,0,1
36,LAL,DET,0.6,0.444,5,1,33,1,1
36,LAL,LAC,0.391,0.25,11,0,23,0,1
36,LAL,BOS,0.684,0.4,4,0,30,1,1
36,LAL,MEM,0.467,0.167,10,2,20,0,1
36,LAL,OKC,0.65,0.667,5,2,33,1,1
36,LAL,ORL,0.6,0.429,11,3,30,1,1
36,LAL,DAL,0.474,0.444,3,0,24,1,1
36,LAL,MIN,0.385,0.333,10,2,18,0,1
36,LAL,CHI,0.524,0.143,14,2,31,0,1
36,LAL,PHO,0.684,0.4,7,0,34,0,1
36,LAL,SAS,0.577,0.286,9,2,36,0,1
36,LAL,BRK,0.56,0.333,9,1,39,0,1
36,LAL,HOU,0.579,0.6,10,2,32,1,1
36,LAL,MEM,0.52,0.571,13,2,37,0,1
37,LAL,POR,0.615,0.5,14,2,43,1,1
37,LAL,MIN,0.467,0.333,7,1,26,1,1
37,LAL,SAC,0.462,0.3,5,1,31,1,1
37,LAL,ATL,0.542,0.167,8,3,32,1,1
37,LAL,MEM,0.737,0.75,9,0,35,0,1
37,LAL,SAC,0.448,0.25,7,1,34,0,1
37,LAL,DEN,0.391,0.25,9,2,25,0,1
37,LAL,UTA,0.45,0.375,7,1,25,1,1
37,LAL,IND,0.5,0.429,12,0,30,0,1
37,LAL,ORL,0.522,0.286,7,1,29,1,1
37,LAL,MIA,0.545,0.125,11,0,33,0,1
37,LAL,BRK,0.667,0.25,7,2,33,1,1
37,LAL,NYK,0.542,0.286,13,0,29,1,1
37,LAL,MIL,0.579,0.429,5,0,27,0,1
37,LAL,POR,0.591,0.429,7,0,30,0,1
37,LAL,GSW,0.333,0.3,15,0,26,0,1
37,LAL,UTA,0.609,0.375,8,0,33,1,1
37,LAL,LAC,0.333,0.25,11,1,21,0,1
37,LAL,NOP,0.565,0.25,6,2,32,0,1
37,LAL,DAL,0.556,0.429,12,0,26,0,1
37,LAL,LAC,0.444,0.222,8,1,26,0,1
37,LAL,GSW,0.613,0.545,10,1,56,1,1
37,LAL,HOU,0.346,0.111,14,4,23,0,1
37,LAL,WAS,0.72,0.667,7,1,50,1,1
37,LAL,PHO,0.5,0.455,7,1,31,0,1
37,LAL,TOR,0.579,0.571,9,2,30,0,1
37,LAL,MIN,0.381,0.125,5,2,19,0,1
37,LAL,TOR,0.577,0.286,9,2,36,1,1
37,LAL,WAS,0.552,0.4,10,0,38,0,1
37,LAL,CLE,0.586,0,10,1,38,1,1
37,LAL,NOP,0.519,0.538,9,1,39,0,1
37,LAL,NOP,0.565,0.375,8,0,38,0,1
